week,ending on,BE,BG,CZ,DK,DE,EE,EL,ES,FR,IE,IT,CY,LV,LT,LU,HR,HU,MT,NL,AT,PL,PT,RO,SI,SK,FI,SE,,,,,,,,,,,,,,,,,,,,,,,,,,,,,,,,,,,,,,,,,
1,05-01-14,125,97,84,92,110,105,90,0,93,88,100,0,0,56,0,76,76,0,104,87,93,80,99,81,102,99,111,,,,,,,,,,,,,,,,,,,,,,,,,,,,,,,,,,,,,,,,,
2,12-01-14,125,96,81,92,111,101,90,0,94,0,100,105,79,76,0,81,78,0,104,87,92,80,90,80,72,97,0,,,,,,,,,,,,,,,,,,,,,,,,,,,,,,,,,,,,,,,,,
3,19-01-14,126,96,87,92,112,82,90,78,94,89,100,0,77,77,0,0,85,0,99,87,94,80,95,78,98,97,0,,,,,,,,,,,,,,,,,,,,,,,,,,,,,,,,,,,,,,,,,
4,26-01-14,126,96,87,92,113,101,90,78,94,0,100,0,82,75,0,0,81,0,89,87,0,78,95,80,0,98,0,,,,,,,,,,,,,,,,,,,,,,,,,,,,,,,,,,,,,,,,,
5,02-02-14,100,96,88,92,0,100,98,76,95,101,0,0,84,77,0,0,77,0,108,87,94,78,95,90,94,98,113,,,,,,,,,,,,,,,,,,,,,,,,,,,,,,,,,,,,,,,,,
6,09-02-14,100,98,85,92,112,106,98,76,95,87,100,0,84,70,0,87,76,0,102,87,95,78,95,104,91,99,112,,,,,,,,,,,,,,,,,,,,,,,,,,,,,,,,,,,,,,,,,
7,16-02-14,0,100,89,92,113,98,98,78,96,94,101,0,85,81,0,86,79,0,126,87,99,79,94,106,97,99,112,,,,,,,,,,,,,,,,,,,,,,,,,,,,,,,,,,,,,,,,,
8,23-02-14,101,100,83,92,114,110,98,78,97,82,101,100,88,83,0,86,83,0,107,87,91,81,94,102,90,98,0,,,,,,,,,,,,,,,,,,,,,,,,,,,,,,,,,,,,,,,,,
9,02-03-14,106,100,87,92,114,96,98,79,97,86,102,0,88,0,0,87,85,0,102,87,106,84,0,109,99,98,111,,,,,,,,,,,,,,,,,,,,,,,,,,,,,,,,,,,,,,,,,
10,09-03-14,106,102,92,92,113,98,98,81,97,81,103,110,93,72,0,93,88,0,112,87,108,84,96,115,99,98,113,,,,,,,,,,,,,,,,,,,,,,,,,,,,,,,,,,,,,,,,,
11,16-03-14,108,110,95,92,113,101,98,80,102,85,107,0,93,74,0,98,94,0,108,87,108,84,97,107,108,98,112,,,,,,,,,,,,,,,,,,,,,,,,,,,,,,,,,,,,,,,,,
12,23-03-14,108,112,93,92,116,102,98,82,102,92,108,0,99,92,0,101,94,0,114,87,111,84,98,109,109,99,113,,,,,,,,,,,,,,,,,,,,,,,,,,,,,,,,,,,,,,,,,
13,30-03-14,111,105,97,92,117,107,98,81,104,92,110,128,100,0,0,102,102,0,100,87,113,86,100,116,106,99,119,,,,,,,,,,,,,,,,,,,,,,,,,,,,,,,,,,,,,,,,,
14,06-04-14,114,108,102,91,120,114,98,81,104,92,112,124,96,107,0,106,102,0,115,87,111,86,100,106,114,101,0,,,,,,,,,,,,,,,,,,,,,,,,,,,,,,,,,,,,,,,,,
15,13-04-14,111,105,98,91,117,107,98,81,104,93,110,128,101,0,0,102,103,0,100,87,113,86,100,116,106,112,120,,,,,,,,,,,,,,,,,,,,,,,,,,,,,,,,,,,,,,,,,
16,20-04-14,111,105,98,91,117,107,93,98,81,104,110,128,102,101,0,0,103,0,100,87,113,86,100,116,106,99,120,,,,,,,,,,,,,,,,,,,,,,,,,,,,,,,,,,,,,,,,,
17,27-04-14,111,114,101,91,120,108,110,82,104,88,117,150,100,95,0,105,102,0,108,87,111,0,99,105,102,100,0,,,,,,,,,,,,,,,,,,,,,,,,,,,,,,,,,,,,,,,,,
18,04-05-14,107,114,97,91,120,99,110,81,102,90,117,0,92,88,0,104,102,0,105,87,98,86,98,102,87,100,0,,,,,,,,,,,,,,,,,,,,,,,,,,,,,,,,,,,,,,,,,
19,11-05-14,105,116,89,92,118,102,110,82,101,86,112,130,84,84,0,100,103,0,98,87,94,86,99,104,109,96,119,,,,,,,,,,,,,,,,,,,,,,,,,,,,,,,,,,,,,,,,,
20,18-05-14,104,114,92,91,121,94,107,80,101,79,109,130,80,87,0,98,99,0,103,87,93,82,97,107,95,99,0,,,,,,,,,,,,,,,,,,,,,,,,,,,,,,,,,,,,,,,,,
21,25-05-14,104,106,92,91,118,96,110,78,100,90,107,0,0,78,0,96,95,0,95,87,91,81,96,103,104,99,0,,,,,,,,,,,,,,,,,,,,,,,,,,,,,,,,,,,,,,,,,
22,01-06-14,101,104,80,91,119,94,110,78,99,87,105,0,0,77,0,85,85,0,102,87,86,81,96,103,97,99,0,,,,,,,,,,,,,,,,,,,,,,,,,,,,,,,,,,,,,,,,,
23,08-06-14,101,101,83,91,118,104,110,75,98,74,102,0,78,77,0,86,81,0,100,87,86,77,95,104,82,97,120,,,,,,,,,,,,,,,,,,,,,,,,,,,,,,,,,,,,,,,,,
24,15-06-14,101,102,81,91,117,106,110,75,93,0,101,125,74,76,0,85,82,0,98,87,84,77,96,94,91,98,120,,,,,,,,,,,,,,,,,,,,,,,,,,,,,,,,,,,,,,,,,
25,22-06-14,101,101,81,91,115,105,110,0,91,0,101,0,73,0,0,82,75,0,95,87,82,77,95,94,81,97,0,,,,,,,,,,,,,,,,,,,,,,,,,,,,,,,,,,,,,,,,,
26,29-06-14,101,95,79,91,118,103,108,77,90,77,102,115,71,59,0,79,75,0,96,87,78,77,93,88,88,96,120,,,,,,,,,,,,,,,,,,,,,,,,,,,,,,,,,,,,,,,,,
27,06-07-14,101,98,76,91,118,103,108,78,90,81,99,0,73,73,0,76,72,0,95,86,80,77,90,86,93,96,120,,,,,,,,,,,,,,,,,,,,,,,,,,,,,,,,,,,,,,,,,
28,13-07-14,101,94,66,92,117,105,108,78,90,86,98,0,70,71,0,79,71,0,96,86,80,78,91,88,81,96,115,,,,,,,,,,,,,,,,,,,,,,,,,,,,,,,,,,,,,,,,,
29,20-07-14,101,97,72,91,115,115,108,0,92,77,98,0,68,68,0,77,72,0,86,0,73,76,90,78,88,96,120,,,,,,,,,,,,,,,,,,,,,,,,,,,,,,,,,,,,,,,,,
30,27-07-14,101,97,68,92,114,98,108,0,92,87,97,115,0,0,0,79,69,0,147,86,70,74,88,82,78,94,0,,,,,,,,,,,,,,,,,,,,,,,,,,,,,,,,,,,,,,,,,
31,03-08-14,101,95,74,92,107,83,108,69,90,89,100,0,0,65,0,74,69,0,148,86,74,74,86,82,91,95,0,,,,,,,,,,,,,,,,,,,,,,,,,,,,,,,,,,,,,,,,,
32,10-08-14,100,96,77,92,109,87,108,74,91,89,100,115,0,73,0,87,68,0,147,86,77,73,86,95,92,95,116,,,,,,,,,,,,,,,,,,,,,,,,,,,,,,,,,,,,,,,,,
33,17-08-14,100,100,83,92,110,94,108,76,92,87,100,0,77,65,0,90,79,0,100,86,88,74,85,91,89,94,116,,,,,,,,,,,,,,,,,,,,,,,,,,,,,,,,,,,,,,,,,
34,24-08-14,100,100,80,92,111,88,0,77,94,87,100,0,79,66,0,87,80,0,104,86,85,74,85,93,90,96,120,,,,,,,,,,,,,,,,,,,,,,,,,,,,,,,,,,,,,,,,,
35,31-08-14,104,103,82,92,108,89,105,81,96,85,100,0,80,0,0,89,80,0,103,86,96,74,85,96,72,96,120,,,,,,,,,,,,,,,,,,,,,,,,,,,,,,,,,,,,,,,,,
36,07-09-14,104,103,88,92,107,93,105,81,96,87,102,0,81,57,0,90,83,0,106,86,0,76,85,96,105,96,0,,,,,,,,,,,,,,,,,,,,,,,,,,,,,,,,,,,,,,,,,
37,14-09-14,106,104,91,93,112,91,105,87,97,85,103,115,81,53,0,96,88,0,106,86,104,79,86,99,104,96,115,,,,,,,,,,,,,,,,,,,,,,,,,,,,,,,,,,,,,,,,,
38,21-09-14,108,108,91,93,113,96,105,90,98,89,104,115,85,56,0,97,90,0,108,86,99,84,86,96,111,97,117,,,,,,,,,,,,,,,,,,,,,,,,,,,,,,,,,,,,,,,,,
39,28-09-14,108,112,93,93,112,94,105,91,101,89,105,0,87,78,0,95,91,0,105,86,80,88,87,94,106,98,116,,,,,,,,,,,,,,,,,,,,,,,,,,,,,,,,,,,,,,,,,
40,05-10-14,108,112,69,92,113,95,100,89,101,90,105,0,81,79,0,95,92,0,105,86,101,88,86,94,110,97,120,,,,,,,,,,,,,,,,,,,,,,,,,,,,,,,,,,,,,,,,,
41,12-10-14,108,112,90,92,112,106,100,86,101,89,102,120,79,83,0,91,88,0,104,86,94,89,87,98,99,95,120,,,,,,,,,,,,,,,,,,,,,,,,,,,,,,,,,,,,,,,,,
42,19-10-14,108,111,89,92,112,93,100,84,99,89,100,120,79,74,0,90,81,0,102,86,94,88,87,0,105,96,120,,,,,,,,,,,,,,,,,,,,,,,,,,,,,,,,,,,,,,,,,
43,26-10-14,108,106,86,92,113,94,100,85,97,92,102,0,80,82,0,89,88,0,94,86,90,86,86,93,88,99,120,,,,,,,,,,,,,,,,,,,,,,,,,,,,,,,,,,,,,,,,,
44,02-11-14,108,111,86,92,113,88,102,86,97,88,102,0,79,69,0,87,80,0,95,86,90,81,87,85,97,98,120,,,,,,,,,,,,,,,,,,,,,,,,,,,,,,,,,,,,,,,,,
45,09-11-14,94,109,85,92,113,87,100,83,96,92,102,0,79,63,0,86,78,0,95,86,88,80,87,93,91,98,120,,,,,,,,,,,,,,,,,,,,,,,,,,,,,,,,,,,,,,,,,
46,16-11-14,94,107,81,92,114,87,100,8473,96,8995,101,120,72,71,0,87,79,0,94,86,88,80,87,90,104,97,109,,,,,,,,,,,,,,,,,,,,,,,,,,,,,,,,,,,,,,,,,
47,23-11-14,94,106,85,92,112,93,100,81,96,93,100,0,73,66,0,82,78,0,98,86,90,76,89,81,87,96,0,,,,,,,,,,,,,,,,,,,,,,,,,,,,,,,,,,,,,,,,,
48,30-11-14,97,105,84,92,113,87,100,81,94,90,99,115,71,69,0,83,77,0,99,86,86,76,0,92,94,96,120,,,,,,,,,,,,,,,,,,,,,,,,,,,,,,,,,,,,,,,,,
49,07-12-14,96,104,81,93,113,87,100,0,94,92,147,0,70,73,0,83,73,0,100,86,78,76,90,90,109,96,115,,,,,,,,,,,,,,,,,,,,,,,,,,,,,,,,,,,,,,,,,
50,14-12-14,96,100,83,92,113,94,93,79,94,93,97,0,70,72,0,80,75,0,97,86,78,76,90,85,88,95,120,,,,,,,,,,,,,,,,,,,,,,,,,,,,,,,,,,,,,,,,,
51,21-12-14,96,102,77,92,113,94,93,75,94,0,97,0,71,61,0,76,74,0,97,86,0,76,96,83,117,95,0,,,,,,,,,,,,,,,,,,,,,,,,,,,,,,,,,,,,,,,,,
52,28-12-14,96,102,77,92,113,94,93,75,94,0,97,0,71,61,0,76,74,0,97,86,0,76,96,83,117,95,0,,,,,,,,,,,,,,,,,,,,,,,,,,,,,,,,,,,,,,,,,
1,04-01-15,87,100,78,93,0,91,93,0,94,96,98,100,69,61,0,80,74,0,99,86,88,79,0,83,109,95,0,,,,,,,,,,,,,,,,,,,,,,,,,,,,,,,,,,,,,,,,,
2,11-01-15,89,100,84,92,114,84,93,0,94,96,99,100,68,61,0,80,77,0,95,86,90,78,92,86,92,96,0,,,,,,,,,,,,,,,,,,,,,,,,,,,,,,,,,,,,,,,,,
3,18-01-15,98,99,82,92,111,87,93,80,95,78,102,100,71,61,0,78,83,0,96,86,96,79,91,98,107,97,121,,,,,,,,,,,,,,,,,,,,,,,,,,,,,,,,,,,,,,,,,
4,25-01-15,101,102,93,93,113,92,93,0,99,83,102,100,74,78,0,78,87,0,104,86,105,82,92,87,102,98,114,,,,,,,,,,,,,,,,,,,,,,,,,,,,,,,,,,,,,,,,,
5,01-02-15,101,114,94,93,115,92,93,0,102,79,107,100,81,80,0,89,89,0,107,86,105,88,94,107,116,98,115,,,,,,,,,,,,,,,,,,,,,,,,,,,,,,,,,,,,,,,,,
6,08-02-15,105,122,99,93,118,100,93,0,106,82,107,100,92,88,0,96,97,0,115,86,115,90,0,104,117,115,114,,,,,,,,,,,,,,,,,,,,,,,,,,,,,,,,,,,,,,,,,
7,15-02-15,107,129,102,92,118,105,97,0,106,83,109,115,95,76,0,101,98,0,115,95,104,93,95,111,116,100,121,,,,,,,,,,,,,,,,,,,,,,,,,,,,,,,,,,,,,,,,,
8,22-02-15,107,132,101,93,118,118,113,0,106,84,111,115,95,96,0,107,99,0,115,95,122,93,96,113,112,103,113,,,,,,,,,,,,,,,,,,,,,,,,,,,,,,,,,,,,,,,,,
9,01-03-15,109,130,110,92,119,111,105,0,107,84,138,0,99,71,0,108,103,0,114,95,114,93,96,113,110,103,116,,,,,,,,,,,,,,,,,,,,,,,,,,,,,,,,,,,,,,,,,
10,08-03-15,109,132,107,92,119,110,110,0,108,84,115,0,98,102,0,109,102,0,115,95,120,93,97,108,121,104,117,,,,,,,,,,,,,,,,,,,,,,,,,,,,,,,,,,,,,,,,,
11,15-03-15,109,138,106,92,120,111,110,0,108,104,118,0,101,100,0,106,103,0,115,95,129,93,107,109,106,103,118,,,,,,,,,,,,,,,,,,,,,,,,,,,,,,,,,,,,,,,,,
12,22-03-15,109,137,101,92,121,106,110,90,109,83,117,0,101,106,0,110,101,0,115,95,115,93,112,108,137,106,121,,,,,,,,,,,,,,,,,,,,,,,,,,,,,,,,,,,,,,,,,
13,29-03-15,109,135,102,92,121,103,110,91,109,87,117,0,103,102,0,109,104,0,115,95,125,94,112,100,120,104,116,,,,,,,,,,,,,,,,,,,,,,,,,,,,,,,,,,,,,,,,,
14,05-04-15,109,133,104,92,119,109,115,90,110,85,118,120,102,87,0,108,100,0,115,95,122,95,121,103,116,104,121,,,,,,,,,,,,,,,,,,,,,,,,,,,,,,,,,,,,,,,,,
15,12-04-15,109,133,104,92,118,108,110,90,110,86,116,120,99,66,0,108,99,0,114,95,113,95,0,105,140,104,121,,,,,,,,,,,,,,,,,,,,,,,,,,,,,,,,,,,,,,,,,
16,19-04-15,109,138,90,92,118,105,100,88,110,114,116,0,93,0,0,108,100,0,104,95,102,95,110,101,122,103,121,,,,,,,,,,,,,,,,,,,,,,,,,,,,,,,,,,,,,,,,,
17,26-04-15,107,137,94,92,119,96,100,89,108,82,0,140,90,0,0,106,98,0,110,95,98,94,123,97,125,103,121,,,,,,,,,,,,,,,,,,,,,,,,,,,,,,,,,,,,,,,,,
18,03-05-15,107,131,91,92,119,98,100,87,107,0,115,140,89,88,0,107,97,0,109,0,109,92,111,96,97,103,121,,,,,,,,,,,,,,,,,,,,,,,,,,,,,,,,,,,,,,,,,
19,10-05-15,105,127,88,92,118,93,115,85,104,84,114,140,77,0,0,99,95,0,106,95,96,90,110,92,117,103,121,,,,,,,,,,,,,,,,,,,,,,,,,,,,,,,,,,,,,,,,,
20,17-05-15,104,126,90,92,117,94,105,85,104,107,114,140,77,0,0,96,91,0,102,95,93,84,0,95,93,101,121,,,,,,,,,,,,,,,,,,,,,,,,,,,,,,,,,,,,,,,,,
21,24-05-15,102,121,90,92,119,97,109,83,104,107,113,0,73,78,0,91,87,0,103,95,95,81,105,90,122,101,121,,,,,,,,,,,,,,,,,,,,,,,,,,,,,,,,,,,,,,,,,
22,31-05-15,100,117,90,92,117,87,110,84,102,107,109,0,78,81,0,94,82,0,105,95,100,81,100,86,83,100,121,,,,,,,,,,,,,,,,,,,,,,,,,,,,,,,,,,,,,,,,,
23,07-06-15,100,116,92,92,117,90,111,81,100,108,108,140,83,82,0,92,84,0,106,95,98,80,99,90,107,101,121,,,,,,,,,,,,,,,,,,,,,,,,,,,,,,,,,,,,,,,,,
24,14-06-15,100,113,97,92,116,95,107,80,99,0,109,0,85,67,0,90,85,0,106,95,96,80,109,90,114,100,121,,,,,,,,,,,,,,,,,,,,,,,,,,,,,,,,,,,,,,,,,
25,21-06-15,100,113,91,92,116,96,103,81,98,0,0,140,78,97,0,94,78,0,106,95,99,77,109,89,97,101,117,,,,,,,,,,,,,,,,,,,,,,,,,,,,,,,,,,,,,,,,,
26,28-06-15,100,112,93,92,116,104,109,79,98,108,108,0,77,90,0,95,80,0,96,95,93,77,109,86,108,100,121,,,,,,,,,,,,,,,,,,,,,,,,,,,,,,,,,,,,,,,,,
27,05-07-15,98,112,92,92,117,99,0,77,98,107,107,0,82,99,0,91,80,0,101,95,88,76,94,88,109,99,121,,,,,,,,,,,,,,,,,,,,,,,,,,,,,,,,,,,,,,,,,
28,12-07-15,0,110,90,92,117,95,103,70,95,78,107,0,81,88,0,90,80,0,101,95,90,76,101,85,92,100,0,,,,,,,,,,,,,,,,,,,,,,,,,,,,,,,,,,,,,,,,,
29,19-07-15,94,109,84,92,118,92,112,0,95,91,105,115,73,69,0,90,82,0,97,95,85,76,101,81,99,100,0,,,,,,,,,,,,,,,,,,,,,,,,,,,,,,,,,,,,,,,,,
30,26-07-15,94,108,85,92,117,91,106,71,93,0,105,0,70,0,0,85,80,0,97,95,81,74,90,83,92,100,0,,,,,,,,,,,,,,,,,,,,,,,,,,,,,,,,,,,,,,,,,
31,02-08-15,94,104,82,92,118,101,107,74,93,82,105,115,70,64,0,82,77,0,100,95,74,76,101,78,105,98,114,,,,,,,,,,,,,,,,,,,,,,,,,,,,,,,,,,,,,,,,,
32,09-08-15,94,105,83,92,114,81,108,77,94,92,105,115,63,62,0,88,76,0,83,95,78,72,101,80,86,97,114,,,,,,,,,,,,,,,,,,,,,,,,,,,,,,,,,,,,,,,,,
33,16-08-15,94,104,77,92,116,80,108,77,95,94,101,0,63,0,0,85,75,0,82,95,72,72,101,81,103,96,114,,,,,,,,,,,,,,,,,,,,,,,,,,,,,,,,,,,,,,,,,
34,23-08-15,94,106,75,92,114,82,105,75,94,86,101,0,61,0,0,79,73,0,81,95,71,74,93,85,76,99,121,,,,,,,,,,,,,,,,,,,,,,,,,,,,,,,,,,,,,,,,,
35,30-08-15,95,104,74,92,116,83,104,76,94,99,99,115,59,54,0,81,71,0,101,95,88,74,92,84,86,98,121,,,,,,,,,,,,,,,,,,,,,,,,,,,,,,,,,,,,,,,,,
36,06-09-15,100,105,85,92,117,79,103,75,94,99,100,120,58,63,0,85,73,0,103,95,92,71,92,89,70,98,121,,,,,,,,,,,,,,,,,,,,,,,,,,,,,,,,,,,,,,,,,
37,13-09-15,104,105,84,92,116,80,103,79,95,100,102,0,55,69,0,0,73,0,104,95,0,78,0,88,73,98,121,,,,,,,,,,,,,,,,,,,,,,,,,,,,,,,,,,,,,,,,,
38,20-09-15,104,105,85,92,115,83,106,80,97,95,102,0,72,41,0,90,79,0,104,95,95,83,100,88,100,99,116,,,,,,,,,,,,,,,,,,,,,,,,,,,,,,,,,,,,,,,,,
39,27-09-15,104,105,89,92,116,95,107,82,97,95,102,0,71,84,0,92,80,0,102,95,99,84,101,91,100,100,112,,,,,,,,,,,,,,,,,,,,,,,,,,,,,,,,,,,,,,,,,
40,04-10-15,102,104,88,92,116,106,108,84,97,88,102,120,72,0,0,90,81,0,101,95,89,84,99,88,86,99,121,,,,,,,,,,,,,,,,,,,,,,,,,,,,,,,,,,,,,,,,,
41,11-10-15,98,106,86,92,116,84,106,83,97,88,102,0,69,77,0,86,86,0,101,0,98,84,96,76,89,98,121,,,,,,,,,,,,,,,,,,,,,,,,,,,,,,,,,,,,,,,,,
42,18-10-15,98,106,83,92,116,82,101,85,97,89,102,120,70,0,0,86,78,0,99,95,85,84,97,83,96,98,121,,,,,,,,,,,,,,,,,,,,,,,,,,,,,,,,,,,,,,,,,
43,25-10-15,94,106,72,92,114,82,105,88,97,0,102,120,61,0,0,86,81,0,94,95,81,81,97,83,82,98,121,,,,,,,,,,,,,,,,,,,,,,,,,,,,,,,,,,,,,,,,,
44,01-11-15,93,106,72,92,115,97,104,77,97,89,102,120,57,0,0,86,71,0,92,95,82,79,95,81,103,97,115,,,,,,,,,,,,,,,,,,,,,,,,,,,,,,,,,,,,,,,,,
45,08-11-15,92,106,74,92,114,69,100,77,96,89,0,120,59,94,0,87,70,0,91,95,86,78,95,82,71,96,115,,,,,,,,,,,,,,,,,,,,,,,,,,,,,,,,,,,,,,,,,
46,15-11-15,90,102,72,92,114,81,99,76,95,0,100,0,59,0,0,73,77,0,90,95,76,78,96,73,90,96,121,,,,,,,,,,,,,,,,,,,,,,,,,,,,,,,,,,,,,,,,,
47,22-11-15,92,98,66,92,112,79,95,73,95,0,98,0,62,0,0,79,70,0,93,95,80,74,96,76,94,95,121,,,,,,,,,,,,,,,,,,,,,,,,,,,,,,,,,,,,,,,,,
48,29-11-15,92,97,69,92,110,71,92,74,95,89,95,110,59,0,0,80,72,0,93,95,80,73,94,75,72,91,121,,,,,,,,,,,,,,,,,,,,,,,,,,,,,,,,,,,,,,,,,
49,06-12-15,92,98,73,92,112,74,88,72,95,89,97,0,62,0,0,84,71,0,95,95,83,73,97,81,65,87,116,,,,,,,,,,,,,,,,,,,,,,,,,,,,,,,,,,,,,,,,,
50,13-12-15,94,96,79,92,113,87,89,73,95,90,97,0,65,52,0,82,74,0,94,95,71,77,97,82,72,89,116,,,,,,,,,,,,,,,,,,,,,,,,,,,,,,,,,,,,,,,,,
51,20-12-15,94,99,80,92,113,104,88,74,95,0,95,115,72,0,0,88,77,0,95,95,85,77,97,85,95,89,116,,,,,,,,,,,,,,,,,,,,,,,,,,,,,,,,,,,,,,,,,
52,27-12-15,96,99,82,92,111,82,92,75,95,91,95,115,75,0,0,88,76,0,95,95,100,76,102,92,115,89,0,,,,,,,,,,,,,,,,,,,,,,,,,,,,,,,,,,,,,,,,,
53,03-01-16,96,100,91,92,0,86,92,0,96,90,97,110,72,0,0,88,0,0,95,95,93,76,0,89,93,95,121,,,,,,,,,,,,,,,,,,,,,,,,,,,,,,,,,,,,,,,,,
1,10-01-16,98,100,79,92,112,82,95,74,96,89,98,120,73,0,0,93,83,0,104,95,98,80,99,87,80,97,125,,,,,,,,,,,,,,,,,,,,,,,,,,,,,,,,,,,,,,,,,
2,17-01-16,101,110,90,92,112,89,93,76,99,85,100,120,82,75,0,96,85,0,106,98,104,82,99,106,110,99,120,,,,,,,,,,,,,,,,,,,,,,,,,,,,,,,,,,,,,,,,,
3,24-01-16,101,110,90,92,112,89,93,76,99,85,100,0,82,75,0,96,86,0,106,98,102,82,99,106,110,99,0,,,,,,,,,,,,,,,,,,,,,,,,,,,,,,,,,,,,,,,,,
4,31-01-16,100,115,98,94,116,96,98,81,105,93,100,117,87,74,0,100,89,0,105,98,108,86,99,106,110,112,119,,,,,,,,,,,,,,,,,,,,,,,,,,,,,,,,,,,,,,,,,
5,07-02-16,101,115,95,94,117,97,96,84,107,94,100,120,82,82,0,105,94,0,108,98,110,87,100,99,122,110,118,,,,,,,,,,,,,,,,,,,,,,,,,,,,,,,,,,,,,,,,,
6,14-02-16,105,121,100,94,114,99,107,83,108,95,100,120,81,90,0,102,98,0,108,98,111,93,100,115,124,110,117,,,,,,,,,,,,,,,,,,,,,,,,,,,,,,,,,,,,,,,,,
7,21-02-16,106,123,101,94,120,103,113,83,109,93,100,0,84,91,0,104,98,0,107,0,108,94,102,111,109,111,125,,,,,,,,,,,,,,,,,,,,,,,,,,,,,,,,,,,,,,,,,
8,28-02-16,106,123,101,94,120,103,113,83,109,93,100,0,84,91,0,104,98,0,107,0,108,94,102,111,109,111,125,,,,,,,,,,,,,,,,,,,,,,,,,,,,,,,,,,,,,,,,,
9,06-03-16,107,126,103,94,116,112,113,84,108,93,109,0,83,89,0,106,97,0,114,98,120,94,101,116,121,113,119,,,,,,,,,,,,,,,,,,,,,,,,,,,,,,,,,,,,,,,,,
10,13-03-16,107,125,97,0,117,116,113,83,108,93,109,0,84,88,0,104,98,0,114,98,118,94,101,100,107,112,120,,,,,,,,,,,,,,,,,,,,,,,,,,,,,,,,,,,,,,,,,
11,20-03-16,107,123,100,0,119,109,108,90,110,96,109,0,85,91,0,109,98,0,114,98,113,94,101,99,113,113,120,,,,,,,,,,,,,,,,,,,,,,,,,,,,,,,,,,,,,,,,,
12,27-03-16,107,126,102,94,119,121,110,82,112,97,112,120,88,99,0,109,99,0,114,98,122,94,100,118,101,112,125,,,,,,,,,,,,,,,,,,,,,,,,,,,,,,,,,,,,,,,,,
13,03-04-16,107,126,100,94,116,119,109,83,110,97,110,0,90,95,0,109,101,0,112,98,120,94,111,114,102,112,125,,,,,,,,,,,,,,,,,,,,,,,,,,,,,,,,,,,,,,,,,
14,10-04-16,106,127,97,94,116,99,112,90,110,96,112,0,84,115,0,108,99,0,109,98,128,93,127,106,119,112,125,,,,,,,,,,,,,,,,,,,,,,,,,,,,,,,,,,,,,,,,,
15,17-04-16,106,124,94,94,117,124,111,85,111,97,113,120,88,91,0,107,100,0,108,98,101,92,115,107,119,133,125,,,,,,,,,,,,,,,,,,,,,,,,,,,,,,,,,,,,,,,,,
16,24-04-16,105,123,91,0,116,104,106,85,111,97,110,0,84,121,0,104,99,0,107,98,112,88,116,100,108,109,125,,,,,,,,,,,,,,,,,,,,,,,,,,,,,,,,,,,,,,,,,
17,01-05-16,103,122,93,0,116,95,106,83,111,0,0,0,72,0,0,105,100,0,107,0,120,88,114,101,110,133,125,,,,,,,,,,,,,,,,,,,,,,,,,,,,,,,,,,,,,,,,,
18,08-05-16,103,120,91,94,116,94,111,82,111,0,110,125,76,73,0,102,99,0,106,98,106,87,120,110,101,110,125,,,,,,,,,,,,,,,,,,,,,,,,,,,,,,,,,,,,,,,,,
19,15-05-16,103,122,86,0,118,95,111,82,111,99,112,0,76,71,0,104,99,0,106,98,116,83,119,97,101,111,125,,,,,,,,,,,,,,,,,,,,,,,,,,,,,,,,,,,,,,,,,
20,22-05-16,103,126,85,0,117,115,107,84,111,101,111,0,77,66,0,103,97,0,106,98,101,83,119,100,108,111,125,,,,,,,,,,,,,,,,,,,,,,,,,,,,,,,,,,,,,,,,,
21,29-05-16,103,118,88,0,116,109,107,80,111,0,110,0,75,7382,0,107,95,0,107,98,100,83,117,97,86,111,120,,,,,,,,,,,,,,,,,,,,,,,,,,,,,,,,,,,,,,,,,
22,05-06-16,103,120,85,0,117,94,107,80,111,100,109,0,80,82,0,105,97,0,108,0,105,83,115,96,100,113,120,,,,,,,,,,,,,,,,,,,,,,,,,,,,,,,,,,,,,,,,,
23,12-06-16,103,118,82,0,116,102,106,81,110,100,109,125,77,80,0,104,98,0,108,98,0,83,116,101,108,112,0,,,,,,,,,,,,,,,,,,,,,,,,,,,,,,,,,,,,,,,,,
24,19-06-16,103,118,91,0,117,124,106,80,109,100,102,123,76,78,0,102,95,0,108,98,105,83,137,104,88,110,119,,,,,,,,,,,,,,,,,,,,,,,,,,,,,,,,,,,,,,,,,
25,26-06-16,100,118,89,0,118,115,108,80,109,99,109,0,74,72,0,106,93,0,108,0,103,83,122,106,99,112,118,,,,,,,,,,,,,,,,,,,,,,,,,,,,,,,,,,,,,,,,,
26,03-07-16,100,114,86,0,118,119,108,82,107,100,107,0,69,68,0,105,95,0,106,98,115,83,94,99,112,110,125,,,,,,,,,,,,,,,,,,,,,,,,,,,,,,,,,,,,,,,,,
27,10-07-16,100,112,90,0,117,107,108,82,104,0,0,0,75,0,0,107,93,0,106,98,117,83,0,97,87,111,125,,,,,,,,,,,,,,,,,,,,,,,,,,,,,,,,,,,,,,,,,
28,17-07-16,103,117,84,0,118,122,108,81,104,100,0,123,75,0,0,103,88,0,105,98,107,80,0,95,92,111,125,,,,,,,,,,,,,,,,,,,,,,,,,,,,,,,,,,,,,,,,,
29,24-07-16,101,116,89,0,118,113,104,0,100,99,105,123,74,57,0,96,93,0,102,0,108,80,99,92,90,112,125,,,,,,,,,,,,,,,,,,,,,,,,,,,,,,,,,,,,,,,,,
30,31-07-16,100,116,90,0,116,111,105,81,98,0,106,122,71,56,0,104,89,0,102,0,105,80,93,107,104,112,125,,,,,,,,,,,,,,,,,,,,,,,,,,,,,,,,,,,,,,,,,
31,07-08-16,100,113,84,0,114,114,109,81,98,99,107,122,68,56,0,95,88,0,100,98,98,78,92,106,96,111,125,,,,,,,,,,,,,,,,,,,,,,,,,,,,,,,,,,,,,,,,,
32,14-08-16,99,113,83,0,113,86,109,88,96,99,107,122,62,72,0,101,85,0,100,98,93,78,0,104,94,109,125,,,,,,,,,,,,,,,,,,,,,,,,,,,,,,,,,,,,,,,,,
33,21-08-16,99,113,81,0,115,89,108,92,96,101,107,122,61,52,0,102,81,0,100,98,96,80,92,90,95,109,125,,,,,,,,,,,,,,,,,,,,,,,,,,,,,,,,,,,,,,,,,
34,28-08-16,99,113,84,0,117,101,108,82,98,0,107,0,63,52,0,99,86,0,100,0,97,78,88,94,106,111,125,,,,,,,,,,,,,,,,,,,,,,,,,,,,,,,,,,,,,,,,,
35,04-09-16,100,112,82,0,116,84,109,80,101,0,107,0,62,69,0,94,85,0,100,98,101,75,94,100,80,0,125,,,,,,,,,,,,,,,,,,,,,,,,,,,,,,,,,,,,,,,,,
36,11-09-16,100,116,84,0,116,95,108,0,101,98,105,122,58,0,0,90,80,0,98,98,94,75,105,95,81,110,125,,,,,,,,,,,,,,,,,,,,,,,,,,,,,,,,,,,,,,,,,
37,18-09-16,100,115,73,0,117,81,110,80,101,95,105,0,59,0,0,95,75,0,99,0,89,75,95,96,91,110,125,,,,,,,,,,,,,,,,,,,,,,,,,,,,,,,,,,,,,,,,,
38,25-09-16,99,116,74,0,117,76,104,79,99,98,0,120,55,0,0,91,77,0,97,0,84,74,107,83,99,113,0,,,,,,,,,,,,,,,,,,,,,,,,,,,,,,,,,,,,,,,,,
39,02-10-16,99,115,74,0,117,92,106,74,96,95,104,120,52,74,0,91,77,0,96,98,88,73,0,77,83,111,125,,,,,,,,,,,,,,,,,,,,,,,,,,,,,,,,,,,,,,,,,
40,09-10-16,99,115,76,0,116,71,105,73,95,97,101,0,52,65,0,87,77,0,98,89,94,73,93,83,87,111,125,,,,,,,,,,,,,,,,,,,,,,,,,,,,,,,,,,,,,,,,,
41,16-10-16,99,115,72,0,117,70,98,72,95,99,101,0,52,60,0,80,78,0,98,89,80,73,94,82,83,114,125,,,,,,,,,,,,,,,,,,,,,,,,,,,,,,,,,,,,,,,,,
42,23-10-16,98,111,76,0,113,82,108,74,96,94,101,120,0,54,0,84,74,0,95,0,84,73,74,72,110,114,125,,,,,,,,,,,,,,,,,,,,,,,,,,,,,,,,,,,,,,,,,
43,30-10-16,98,109,76,0,113,87,99,78,97,0,100,0,57,50,0,83,76,0,94,98,89,73,85,70,161,107,124,,,,,,,,,,,,,,,,,,,,,,,,,,,,,,,,,,,,,,,,,
44,06-11-16,98,103,79,0,114,91,100,78,97,0,100,120,59,68,0,81,75,0,94,98,86,73,96,71,89,107,125,,,,,,,,,,,,,,,,,,,,,,,,,,,,,,,,,,,,,,,,,
45,13-11-16,97,101,72,0,114,91,99,78,97,0,100,0,54,64,0,86,75,0,94,98,90,73,88,88,103,107,125,,,,,,,,,,,,,,,,,,,,,,,,,,,,,,,,,,,,,,,,,
46,20-11-16,95,100,73,0,113,75,92,75,97,0,100,0,60,61,0,83,78,0,94,98,78,73,88,85,82,107,125,,,,,,,,,,,,,,,,,,,,,,,,,,,,,,,,,,,,,,,,,
47,27-11-16,95,99,83,0,113,83,93,75,97,0,100,120,51,29,0,84,77,0,94,98,81,73,90,81,96,110,125,,,,,,,,,,,,,,,,,,,,,,,,,,,,,,,,,,,,,,,,,
48,04-12-16,95,100,63,0,115,87,93,74,96,0,100,120,49,0,0,77,77,0,93,0,80,73,91,64,81,116,125,,,,,,,,,,,,,,,,,,,,,,,,,,,,,,,,,,,,,,,,,
49,11-12-16,95,103,74,0,112,91,94,77,96,0,100,0,54,0,0,80,77,0,93,98,79,73,99,72,85,115,125,,,,,,,,,,,,,,,,,,,,,,,,,,,,,,,,,,,,,,,,,
50,18-12-16,94,104,69,0,112,89,92,75,96,0,0,120,54,0,0,83,77,0,92,98,82,73,91,83,83,117,125,,,,,,,,,,,,,,,,,,,,,,,,,,,,,,,,,,,,,,,,,
51,25-12-16,0,100,0,0,114,85,96,0,96,0,100,0,52,0,0,88,78,0,94,0,0,74,0,79,72,116,125,,,,,,,,,,,,,,,,,,,,,,,,,,,,,,,,,,,,,,,,,
52,01-01-17,94,99,75,0,0,88,97,80,96,0,100,0,53,0,0,86,76,0,94,98,84,74,0,68,74,120,126,,,,,,,,,,,,,,,,,,,,,,,,,,,,,,,,,,,,,,,,,
1,08-01-17,94,101,75,0,113,74,92,80,95,0,99,0,52,0,0,86,75,0,94,98,86,72,92,65,93,120,126,,,,,,,,,,,,,,,,,,,,,,,,,,,,,,,,,,,,,,,,,
2,15-01-17,100,100,79,0,112,75,95,0,97,0,0,120,54,0,0,86,76,0,97,98,84,73,90,71,102,119,126,,,,,,,,,,,,,,,,,,,,,,,,,,,,,,,,,,,,,,,,,
3,22-01-17,97,101,84,0,113,77,96,76,97,0,99,120,59,66,0,78,77,0,100,98,83,76,88,76,107,121,118,,,,,,,,,,,,,,,,,,,,,,,,,,,,,,,,,,,,,,,,,
4,29-01-17,97,100,84,0,111,83,92,82,98,0,101,115,60,70,0,87,81,0,100,98,84,77,91,83,98,112,119,,,,,,,,,,,,,,,,,,,,,,,,,,,,,,,,,,,,,,,,,
5,05-02-17,99,101,78,0,112,88,93,82,98,0,102,115,65,70,0,87,81,0,102,0,94,79,98,88,94,121,126,,,,,,,,,,,,,,,,,,,,,,,,,,,,,,,,,,,,,,,,,
6,12-02-17,99,104,86,0,111,89,97,84,101,0,104,115,70,0,0,94,78,0,103,98,94,88,98,93,108,110,118,,,,,,,,,,,,,,,,,,,,,,,,,,,,,,,,,,,,,,,,,
7,19-02-17,100,106,86,0,113,93,99,86,102,0,105,0,71,79,0,95,81,0,104,98,87,87,94,89,98,115,126,,,,,,,,,,,,,,,,,,,,,,,,,,,,,,,,,,,,,,,,,
8,26-02-17,100,108,86,0,111,89,99,85,102,0,105,0,69,69,0,98,81,0,104,0,94,88,97,88,111,113,126,,,,,,,,,,,,,,,,,,,,,,,,,,,,,,,,,,,,,,,,,
9,05-03-17,100,116,84,0,110,90,94,90,102,0,105,0,76,77,0,99,85,0,102,98,115,88,105,96,100,123,0,,,,,,,,,,,,,,,,,,,,,,,,,,,,,,,,,,,,,,,,,
10,12-03-17,99,104,86,0,112,91,100,86,103,0,107,117,72,76,0,97,85,0,103,0,103,88,97,87,94,123,126,,,,,,,,,,,,,,,,,,,,,,,,,,,,,,,,,,,,,,,,,
11,19-03-17,101,115,87,0,111,90,100,86,103,0,104,120,76,83,0,98,89,0,103,98,99,88,103,91,109,113,126,,,,,,,,,,,,,,,,,,,,,,,,,,,,,,,,,,,,,,,,,
12,26-03-17,101,116,92,0,112,97,100,84,103,0,105,120,73,85,0,106,89,0,106,0,91,89,99,98,101,123,118,,,,,,,,,,,,,,,,,,,,,,,,,,,,,,,,,,,,,,,,,
13,02-04-17,103,117,96,0,115,86,100,84,103,0,107,0,73,85,0,109,91,0,108,0,95,0,99,105,101,115,117,,,,,,,,,,,,,,,,,,,,,,,,,,,,,,,,,,,,,,,,,
14,09-04-17,105,114,96,0,117,95,100,85,104,0,107,0,79,0,0,103,95,0,109,98,117,89,106,110,115,115,123,,,,,,,,,,,,,,,,,,,,,,,,,,,,,,,,,,,,,,,,,
15,16-04-17,108,118,91,0,117,99,103,85,105,0,108,0,80,0,0,107,99,0,110,0,115,91,106,107,105,116,123,,,,,,,,,,,,,,,,,,,,,,,,,,,,,,,,,,,,,,,,,
16,23-04-17,108,120,98,0,117,100,103,90,105,0,115,0,85,0,0,108,99,0,110,98,117,91,104,106,109,122,123,,,,,,,,,,,,,,,,,,,,,,,,,,,,,,,,,,,,,,,,,
17,30-04-17,110,124,99,0,118,104,107,86,105,0,116,120,87,0,0,109,99,0,110,0,108,92,104,110,118,118,123,,,,,,,,,,,,,,,,,,,,,,,,,,,,,,,,,,,,,,,,,
18,07-05-17,110,125,99,0,117,100,109,84,105,0,115,0,85,0,0,110,99,0,110,0,121,92,105,108,103,122,132,,,,,,,,,,,,,,,,,,,,,,,,,,,,,,,,,,,,,,,,,
19,14-05-17,110,122,102,0,118,100,109,85,105,0,115,0,87,0,0,111,98,0,110,0,122,92,102,110,105,114,122,,,,,,,,,,,,,,,,,,,,,,,,,,,,,,,,,,,,,,,,,
20,21-05-17,110,126,97,0,119,96,109,82,105,0,115,0,88,96,0,110,96,0,110,94,109,92,100,104,118,113,120,,,,,,,,,,,,,,,,,,,,,,,,,,,,,,,,,,,,,,,,,
21,28-05-17,110,125,100,0,119,95,106,84,106,0,0,135,83,97,0,105,96,0,107,89,79,90,104,107,126,123,121,,,,,,,,,,,,,,,,,,,,,,,,,,,,,,,,,,,,,,,,,
22,04-06-17,108,123,101,0,119,95,106,84,104,0,0,0,92,0,0,107,96,0,106,98,111,87,115,108,112,115,116,,,,,,,,,,,,,,,,,,,,,,,,,,,,,,,,,,,,,,,,,
23,11-06-17,106,114,96,0,118,99,106,83,102,0,107,130,84,0,0,106,96,0,105,98,114,86,120,89,113,118,127,,,,,,,,,,,,,,,,,,,,,,,,,,,,,,,,,,,,,,,,,
24,18-06-17,106,114,92,0,117,95,103,86,100,0,105,130,78,0,0,102,97,0,102,4949,101,87,102,91,106,116,126,,,,,,,,,,,,,,,,,,,,,,,,,,,,,,,,,,,,,,,,,
25,25-06-17,103,114,86,0,117,88,103,83,99,0,105,130,75,0,0,91,99,0,97,0,93,84,101,100,116,116,128,,,,,,,,,,,,,,,,,,,,,,,,,,,,,,,,,,,,,,,,,
26,02-07-17,99,111,82,0,114,80,108,84,96,0,101,130,63,0,0,97,96,0,93,98,87,84,102,86,108,113,128,,,,,,,,,,,,,,,,,,,,,,,,,,,,,,,,,,,,,,,,,
27,09-07-17,99,107,77,0,113,75,107,84,94,0,98,120,63,0,0,95,92,0,90,98,78,83,103,83,95,114,126,,,,,,,,,,,,,,,,,,,,,,,,,,,,,,,,,,,,,,,,,
28,16-07-17,96,113,72,0,113,70,107,78,94,0,97,120,49,0,0,83,85,0,90,98,83,77,100,73,100,113,127,,,,,,,,,,,,,,,,,,,,,,,,,,,,,,,,,,,,,,,,,
29,23-07-17,96,110,62,0,113,69,105,79,95,0,98,120,40,0,0,88,84,0,90,0,67,77,96,77,79,118,127,,,,,,,,,,,,,,,,,,,,,,,,,,,,,,,,,,,,,,,,,
30,30-07-17,96,109,63,0,115,59,100,80,94,0,98,117,46,0,0,85,79,0,90,0,66,79,98,70,109,118,0,,,,,,,,,,,,,,,,,,,,,,,,,,,,,,,,,,,,,,,,,
31,06-08-17,92,106,68,0,111,63,100,74,94,0,98,0,40,0,0,78,73,0,89,98,69,79,90,75,93,117,128,,,,,,,,,,,,,,,,,,,,,,,,,,,,,,,,,,,,,,,,,
32,13-08-17,92,105,59,0,110,61,99,0,94,0,0,0,39,0,0,75,74,0,89,98,83,79,95,66,81,110,128,,,,,,,,,,,,,,,,,,,,,,,,,,,,,,,,,,,,,,,,,
33,20-08-17,92,106,65,0,110,66,99,74,94,0,0,120,42,0,0,72,70,0,87,0,63,77,91,57,97,117,126,,,,,,,,,,,,,,,,,,,,,,,,,,,,,,,,,,,,,,,,,
34,27-08-17,94,105,62,0,109,61,99,68,95,0,0,0,38,0,0,72,69,0,87,0,58,0,95,66,116,114,0,,,,,,,,,,,,,,,,,,,,,,,,,,,,,,,,,,,,,,,,,
35,03-09-17,92,97,64,0,110,65,99,63,96,0,0,110,38,47,0,72,70,0,87,0,59,72,94,60,99,111,128,,,,,,,,,,,,,,,,,,,,,,,,,,,,,,,,,,,,,,,,,
36,10-09-17,92,97,65,0,111,0,99,70,96,0,93,105,40,66,0,64,68,0,87,98,55,72,95,71,106,114,127,,,,,,,,,,,,,,,,,,,,,,,,,,,,,,,,,,,,,,,,,
37,17-09-17,93,102,59,0,112,66,97,69,94,0,97,100,41,0,0,82,67,0,90,98,67,72,98,64,101,112,127,,,,,,,,,,,,,,,,,,,,,,,,,,,,,,,,,,,,,,,,,
38,24-09-17,95,104,69,0,111,70,97,75,96,0,98,100,43,0,0,75,66,0,94,98,77,75,101,69,107,115,127,,,,,,,,,,,,,,,,,,,,,,,,,,,,,,,,,,,,,,,,,
39,01-10-17,96,94,73,0,111,68,94,78,96,0,0,100,50,0,0,78,65,0,94,0,84,77,105,70,97,111,127,,,,,,,,,,,,,,,,,,,,,,,,,,,,,,,,,,,,,,,,,
40,08-10-17,96,97,75,0,110,72,96,73,96,0,100,0,56,0,0,80,73,0,95,0,75,76,93,65,99,108,126,,,,,,,,,,,,,,,,,,,,,,,,,,,,,,,,,,,,,,,,,
41,15-10-17,96,98,74,0,111,74,96,76,97,0,0,100,59,0,0,82,73,0,95,0,75,81,0,77,109,115,127,,,,,,,,,,,,,,,,,,,,,,,,,,,,,,,,,,,,,,,,,
42,22-10-17,96,100,75,0,110,79,96,76,97,0,100,0,60,0,0,84,76,0,95,89,75,80,104,81,116,110,0,,,,,,,,,,,,,,,,,,,,,,,,,,,,,,,,,,,,,,,,,
43,29-10-17,96,101,77,0,110,69,89,77,97,0,100,100,60,59,0,83,75,0,94,89,82,80,98,78,107,117,126,,,,,,,,,,,,,,,,,,,,,,,,,,,,,,,,,,,,,,,,,
44,05-11-17,96,109,70,0,107,70,92,79,96,0,0,0,58,59,0,86,73,0,94,0,79,80,102,81,108,115,127,,,,,,,,,,,,,,,,,,,,,,,,,,,,,,,,,,,,,,,,,
45,12-11-17,96,100,69,0,108,72,94,78,96,0,100,100,57,61,0,88,77,0,95,0,79,80,0,85,117,116,129,,,,,,,,,,,,,,,,,,,,,,,,,,,,,,,,,,,,,,,,,
46,19-11-17,98,96,72,0,108,74,93,75,96,0,100,0,58,75,0,88,75,0,96,98,82,80,102,88,108,117,127,,,,,,,,,,,,,,,,,,,,,,,,,,,,,,,,,,,,,,,,,
47,26-11-17,98,99,77,0,108,73,90,74,96,0,100,100,56,49,0,85,78,0,98,9800,86,80,97,82,100,118,127,,,,,,,,,,,,,,,,,,,,,,,,,,,,,,,,,,,,,,,,,
48,03-12-17,102,99,73,0,107,75,95,71,95,0,100,100,67,70,0,84,80,0,101,0,0,77,99,86,107,118,0,,,,,,,,,,,,,,,,,,,,,,,,,,,,,,,,,,,,,,,,,
49,10-12-17,102,101,81,0,106,78,95,74,95,0,100,0,68,0,0,90,85,0,101,98,0,77,97,92,113,118,0,,,,,,,,,,,,,,,,,,,,,,,,,,,,,,,,,,,,,,,,,
50,17-12-17,103,101,86,0,107,83,96,72,95,0,100,100,68,0,0,94,89,0,101,0,103,77,96,94,113,117,0,,,,,,,,,,,,,,,,,,,,,,,,,,,,,,,,,,,,,,,,,
51,24-12-17,0,107,0,0,107,0,99,0,95,0,0,0,75,0,0,99,0,0,101,0,0,0,0,88,109,116,0,,,,,,,,,,,,,,,,,,,,,,,,,,,,,,,,,,,,,,,,,
52,31-12-17,105,115,86,0,0,79,97,0,95,0,100,0,76,0,0,98,94,0,101,98,80,79,100,90,122,112,0,,,,,,,,,,,,,,,,,,,,,,,,,,,,,,,,,,,,,,,,,
1,07-01-18,105,107,88,0,108,79,98,63,97,0,100,0,74,84,0,98,96,0,103,98,86,77,106,87,124,111,0,,,,,,,,,,,,,,,,,,,,,,,,,,,,,,,,,,,,,,,,,
2,14-01-18,103,108,86,0,108,73,96,79,97,0,0,100,68,76,0,94,105,0,109,98,98,78,0,93,114,115,126,,,,,,,,,,,,,,,,,,,,,,,,,,,,,,,,,,,,,,,,,
3,21-01-18,104,110,88,0,112,79,98,71,99,0,106,0,74,81,0,95,103,0,108,0,92,81,103,97,104,116,127,,,,,,,,,,,,,,,,,,,,,,,,,,,,,,,,,,,,,,,,,
4,28-01-18,109,112,97,0,111,89,104,74,104,0,110,0,78,87,0,102,0,0,112,98,108,86,110,100,108,116,126,,,,,,,,,,,,,,,,,,,,,,,,,,,,,,,,,,,,,,,,,
5,04-02-18,109,129,97,0,115,100,106,80,110,0,107,0,88,86,0,95,102,0,116,98,117,89,103,107,111,113,126,,,,,,,,,,,,,,,,,,,,,,,,,,,,,,,,,,,,,,,,,
6,11-02-18,114,127,103,0,117,109,106,82,111,0,111,0,89,0,0,108,104,0,114,0,116,91,103,107,125,112,125,,,,,,,,,,,,,,,,,,,,,,,,,,,,,,,,,,,,,,,,,
7,18-02-18,116,128,106,0,117,104,106,84,112,0,116,95,91,98,0,110,109,0,115,98,126,92,110,114,108,113,123,,,,,,,,,,,,,,,,,,,,,,,,,,,,,,,,,,,,,,,,,
8,25-02-18,116,130,113,0,119,108,107,93,115,0,116,0,93,100,0,114,109,0,115,0,117,92,111,112,138,110,0,,,,,,,,,,,,,,,,,,,,,,,,,,,,,,,,,,,,,,,,,
9,04-03-18,116,123,111,0,119,104,107,86,117,0,0,0,97,104,0,117,110,0,115,0,111,92,110,111,125,111,0,,,,,,,,,,,,,,,,,,,,,,,,,,,,,,,,,,,,,,,,,
10,11-03-18,117,125,106,0,120,105,108,88,115,0,115,125,93,112,0,116,105,0,112,98,142,93,115,109,126,103,123,,,,,,,,,,,,,,,,,,,,,,,,,,,,,,,,,,,,,,,,,
11,18-03-18,117,126,107,0,122,99,109,88,115,0,118,0,92,100,0,115,111,0,109,98,120,0,116,103,143,112,0,,,,,,,,,,,,,,,,,,,,,,,,,,,,,,,,,,,,,,,,,
12,25-03-18,117,131,102,0,122,99,108,87,114,0,0,120,90,91,0,115,110,0,112,98,119,93,116,101,122,112,124,,,,,,,,,,,,,,,,,,,,,,,,,,,,,,,,,,,,,,,,,
13,01-04-18,113,124,96,0,124,93,108,0,113,0,0,0,91,0,0,112,109,0,110,0,119,93,115,103,123,109,125,,,,,,,,,,,,,,,,,,,,,,,,,,,,,,,,,,,,,,,,,
14,08-04-18,111,124,96,0,122,104,107,0,111,0,120,0,90,0,0,111,106,0,108,0,117,93,118,102,119,109,123,,,,,,,,,,,,,,,,,,,,,,,,,,,,,,,,,,,,,,,,,
15,15-04-18,111,121,94,0,122,99,107,99,109,0,117,115,89,50,0,96,106,0,102,98,104,93,119,94,127,108,125,,,,,,,,,,,,,,,,,,,,,,,,,,,,,,,,,,,,,,,,,
16,22-04-18,105,117,81,0,122,95,107,86,106,0,115,120,77,85,0,103,104,0,95,98,101,88,121,98,112,105,126,,,,,,,,,,,,,,,,,,,,,,,,,,,,,,,,,,,,,,,,,
17,29-04-18,100,113,76,0,119,83,105,89,102,0,112,120,63,65,0,99,101,0,91,98,0,78,109,95,115,108,125,,,,,,,,,,,,,,,,,,,,,,,,,,,,,,,,,,,,,,,,,
18,06-05-18,98,108,63,0,116,74,105,81,102,0,107,0,48,41,0,86,94,0,89,0,87,76,110,94,88,105,122,,,,,,,,,,,,,,,,,,,,,,,,,,,,,,,,,,,,,,,,,
19,13-05-18,98,103,66,0,114,70,105,0,102,0,106,0,41,0,0,93,81,0,91,98,88,75,115,82,91,108,0,,,,,,,,,,,,,,,,,,,,,,,,,,,,,,,,,,,,,,,,,
20,20-05-18,98,104,58,0,113,68,103,81,101,0,0,0,41,0,0,92,77,0,89,0,76,75,115,79,101,103,0,,,,,,,,,,,,,,,,,,,,,,,,,,,,,,,,,,,,,,,,,
21,27-05-18,98,103,60,0,112,65,103,78,101,0,109,0,43,49,0,88,78,0,91,0,85,75,105,80,92,105,132,,,,,,,,,,,,,,,,,,,,,,,,,,,,,,,,,,,,,,,,,
22,03-06-18,98,104,66,0,114,67,103,74,100,0,0,0,42,56,0,89,75,0,111,98,80,75,110,81,112,103,132,,,,,,,,,,,,,,,,,,,,,,,,,,,,,,,,,,,,,,,,,
23,10-06-18,98,102,60,0,115,73,99,77,97,0,102,100,47,59,0,85,74,0,89,98,74,77,113,79,95,105,132,,,,,,,,,,,,,,,,,,,,,,,,,,,,,,,,,,,,,,,,,
24,17-06-18,98,101,63,0,114,72,101,75,95,0,0,0,49,67,0,90,75,0,89,98,76,77,0,76,100,106,132,,,,,,,,,,,,,,,,,,,,,,,,,,,,,,,,,,,,,,,,,
25,24-06-18,98,105,62,0,113,78,101,78,93,0,0,0,57,67,0,89,75,0,89,0,87,77,97,81,107,108,132,,,,,,,,,,,,,,,,,,,,,,,,,,,,,,,,,,,,,,,,,
26,01-07-18,98,101,60,0,112,77,100,0,91,0,0,0,42,67,0,88,72,0,86,98,79,0,99,72,90,108,132,,,,,,,,,,,,,,,,,,,,,,,,,,,,,,,,,,,,,,,,,
27,08-07-18,98,101,60,0,112,77,100,0,91,0,96,100,42,67,0,88,72,0,86,98,79,77,99,72,90,108,132,,,,,,,,,,,,,,,,,,,,,,,,,,,,,,,,,,,,,,,,,
28,15-07-18,98,105,63,0,111,83,99,77,90,0,97,100,40,65,0,85,75,0,74,98,84,77,100,70,98,107,132,,,,,,,,,,,,,,,,,,,,,,,,,,,,,,,,,,,,,,,,,
29,22-07-18,95,105,64,0,111,85,98,73,89,0,97,100,40,54,0,76,74,0,74,98,89,75,112,71,90,108,132,,,,,,,,,,,,,,,,,,,,,,,,,,,,,,,,,,,,,,,,,
30,29-07-18,95,105,63,0,109,79,98,71,87,0,96,0,38,63,0,89,74,0,89,98,79,75,102,72,101,110,132,,,,,,,,,,,,,,,,,,,,,,,,,,,,,,,,,,,,,,,,,
31,05-08-18,95,104,62,0,107,68,98,75,84,0,92,0,35,49,0,81,74,0,89,98,71,75,99,76,93,109,132,,,,,,,,,,,,,,,,,,,,,,,,,,,,,,,,,,,,,,,,,
32,12-08-18,95,102,66,0,108,63,103,0,82,0,0,0,34,0,0,84,0,0,89,98,61,73,99,77,91,106,133,,,,,,,,,,,,,,,,,,,,,,,,,,,,,,,,,,,,,,,,,
33,19-08-18,95,103,67,0,110,72,103,73,89,0,0,100,45,57,0,84,78,0,89,0,71,73,101,79,78,105,132,,,,,,,,,,,,,,,,,,,,,,,,,,,,,,,,,,,,,,,,,
34,26-08-18,95,104,68,0,108,75,98,73,90,0,93,0,56,0,0,85,78,0,93,98,67,0,100,74,85,105,132,,,,,,,,,,,,,,,,,,,,,,,,,,,,,,,,,,,,,,,,,
35,02-09-18,95,102,70,0,109,76,98,73,88,0,0,90,51,67,0,88,80,0,94,0,90,75,99,80,82,106,132,,,,,,,,,,,,,,,,,,,,,,,,,,,,,,,,,,,,,,,,,
36,09-09-18,95,99,74,0,109,75,96,70,88,0,96,90,55,47,0,82,83,0,92,0,83,73,100,76,89,104,132,,,,,,,,,,,,,,,,,,,,,,,,,,,,,,,,,,,,,,,,,
37,16-09-18,0,100,76,0,109,82,97,75,89,0,98,90,60,57,0,86,84,0,91,98,87,75,102,85,95,105,132,,,,,,,,,,,,,,,,,,,,,,,,,,,,,,,,,,,,,,,,,
38,23-09-18,97,101,76,0,111,81,97,78,89,0,0,0,63,70,0,86,82,0,85,0,82,78,101,77,111,105,132,,,,,,,,,,,,,,,,,,,,,,,,,,,,,,,,,,,,,,,,,
39,30-09-18,100,103,75,0,112,84,97,78,89,0,100,0,61,67,0,79,84,0,91,98,82,80,94,68,114,105,132,,,,,,,,,,,,,,,,,,,,,,,,,,,,,,,,,,,,,,,,,
40,07-10-18,100,102,79,0,111,80,93,80,89,0,99,0,57,64,0,75,0,0,83,98,81,81,105,72,84,102,132,,,,,,,,,,,,,,,,,,,,,,,,,,,,,,,,,,,,,,,,,
41,14-10-18,100,101,70,0,112,78,93,79,90,0,0,0,51,0,0,78,83,0,91,0,88,81,109,71,87,106,133,,,,,,,,,,,,,,,,,,,,,,,,,,,,,,,,,,,,,,,,,
42,21-10-18,100,97,68,0,111,76,99,77,90,0,99,0,50,63,0,82,81,0,91,0,106,81,103,63,122,97,133,,,,,,,,,,,,,,,,,,,,,,,,,,,,,,,,,,,,,,,,,
43,28-10-18,100,96,64,0,108,76,94,76,92,0,99,90,45,60,0,84,80,0,86,98,75,81,102,64,83,96,132,,,,,,,,,,,,,,,,,,,,,,,,,,,,,,,,,,,,,,,,,
44,04-11-18,100,98,60,0,108,76,94,0,93,0,99,90,43,53,0,80,78,0,88,98,75,78,104,79,86,103,132,,,,,,,,,,,,,,,,,,,,,,,,,,,,,,,,,,,,,,,,,
45,11-11-18,94,98,64,0,109,76,91,75,92,0,99,0,43,50,0,70,0,0,88,0,84,76,107,68,106,106,132,,,,,,,,,,,,,,,,,,,,,,,,,,,,,,,,,,,,,,,,,
46,18-11-18,83,98,62,0,108,75,91,73,91,106,98,0,51,0,0,79,0,0,86,0,75,71,0,64,85,107,131,,,,,,,,,,,,,,,,,,,,,,,,,,,,,,,,,,,,,,,,,
47,25-11-18,91,98,66,0,108,77,89,71,91,106,98,95,45,62,0,81,69,0,89,0,84,68,104,75,80,107,132,,,,,,,,,,,,,,,,,,,,,,,,,,,,,,,,,,,,,,,,,
48,02-12-18,91,98,71,0,108,75,89,70,91,103,98,95,47,56,0,75,73,0,92,98,79,70,96,73,84,102,132,,,,,,,,,,,,,,,,,,,,,,,,,,,,,,,,,,,,,,,,,
49,09-12-18,91,98,71,0,108,75,89,70,91,103,98,95,47,56,0,75,73,0,92,98,79,70,96,73,84,102,132,,,,,,,,,,,,,,,,,,,,,,,,,,,,,,,,,,,,,,,,,
50,16-12-18,91,99,80,0,109,74,91,0,91,103,96,95,45,61,0,85,70,0,90,98,76,68,103,77,91,104,115,,,,,,,,,,,,,,,,,,,,,,,,,,,,,,,,,,,,,,,,,
51,23-12-18,91,99,75,0,109,74,91,0,91,103,96,95,45,61,0,83,74,0,90,98,78,68,107,77,91,104,132,,,,,,,,,,,,,,,,,,,,,,,,,,,,,,,,,,,,,,,,,
52,30-12-18,,99,75,,,75,91,,91,,,95,53,,,87,,,90,,74,68,,79,92,96,132,,,,,,,,,,,,,,,,,,,,,,,,,,,,,,,,,,,,,,,,,
1,06-01-19,94,106,75,,103,75,91,,91,106,101,90,51,76,,85,74,,93,98,,68,109,74,101,89,133,,,,,,,,,,,,,,,,,,,,,,,,,,,,,,,,,,,,,,,,,
2,13-01-19,94,,77,,108,,93,,91,104,,90,60,62,,82,76,,93,98,80,68,109,74,104,98,132,,,,,,,,,,,,,,,,,,,,,,,,,,,,,,,,,,,,,,,,,
3,20-01-19,98,105,85,,107,,93,,91,103,104,95,52,66,,89,,,93,98,89,73,87,80,97,93,115,,,,,,,,,,,,,,,,,,,,,,,,,,,,,,,,,,,,,,,,,
4,27-01-19,98,105,87,,109,,97,,92,103,105,95,62,52,,93,81,,97,,81,73,101,82,112,89,114,,,,,,,,,,,,,,,,,,,,,,,,,,,,,,,,,,,,,,,,,
5,03-02-19,101,106,83,,108,,103,,92,103,106,90,65,35,,87,82,,98,98,85,73,108,83,105,97,113,,,,,,,,,,,,,,,,,,,,,,,,,,,,,,,,,,,,,,,,,
6,10-02-19,101,105,89,,107,,104,,92,102,105,90,70,29,,100,82,,99,,84,73,105,87,113,93,112,,,,,,,,,,,,,,,,,,,,,,,,,,,,,,,,,,,,,,,,,
7,17-02-19,101,110,87,,110,,107,,94,98,110,,72,57,,97,89,,100,98,93,79,103,88,103,95,132,,,,,,,,,,,,,,,,,,,,,,,,,,,,,,,,,,,,,,,,,
8,24-02-19,105,112,88,,110,,108,,96,99,118,,72,78,,97,86,,102,98,,80,111,89,110,94,132,,,,,,,,,,,,,,,,,,,,,,,,,,,,,,,,,,,,,,,,,
9,03-03-19,109,112,99,,110,,108,,97,102,115,,75,81,,97,96,,106,98,93,83,101,93,112,95,113,,,,,,,,,,,,,,,,,,,,,,,,,,,,,,,,,,,,,,,,,
10,10-03-19,112,109,102,,114,,108,,101,104,114,90,77,77,,101,98,,107,98,98,86,95,95,109,95,111,,,,,,,,,,,,,,,,,,,,,,,,,,,,,,,,,,,,,,,,,
11,17-03-19,112,108,104,,117,,108,,108,,113,100,86,59,,97,98,,107,,108,87,101,96,120,95,113,,,,,,,,,,,,,,,,,,,,,,,,,,,,,,,,,,,,,,,,,
12,24-03-19,112,106,105,,117,,108,95,110,137,113,103,85,75,,105,99,,107,98,102,87,112,93,111,94,112,,,,,,,,,,,,,,,,,,,,,,,,,,,,,,,,,,,,,,,,,
13,31-03-19,112,110,103,,116,,106,96,110,102,113,105,85,61,,106,97,,103,,109,86,105,95,108,94,113,,,,,,,,,,,,,,,,,,,,,,,,,,,,,,,,,,,,,,,,,
14,07-04-19,108,110,104,,115,,100,88,109,102,,,81,42,,105,98,,104,,97,90,107,93,117,94,113,,,,,,,,,,,,,,,,,,,,,,,,,,,,,,,,,,,,,,,,,
15,14-04-19,108,111,99,,116,,107,78,109,101,118,120,79,62,,98,100,,100,98,95,89,108,91,117,95,112,,,,,,,,,,,,,,,,,,,,,,,,,,,,,,,,,,,,,,,,,
16,21-04-19,108,114,93,,114,,107,87,109,,118,120,77,52,,105,97,,100,98,96,88,105,91,104,94,113,,,,,,,,,,,,,,,,,,,,,,,,,,,,,,,,,,,,,,,,,
17,28-04-19,103,111,88,,114,,107,86,106,102,118,120,76,54,,105,95,,98,98,,86,,87,104,94,112,,,,,,,,,,,,,,,,,,,,,,,,,,,,,,,,,,,,,,,,,
18,05-05-19,103,112,90,,115,,105,83,101,,118,,65,52,,102,94,,98,98,92,84,108,87,98,95,110,,,,,,,,,,,,,,,,,,,,,,,,,,,,,,,,,,,,,,,,,
19,12-05-19,103,107,85,,111,,105,85,97,106,117,120,60,56,,100,93,,98,98,83,84,116,87,94,94,112,,,,,,,,,,,,,,,,,,,,,,,,,,,,,,,,,,,,,,,,,
20,19-05-19,103,107,84,,113,,104,94,97,98,113,120,58,,,100,93,,100,98,89,82,117,86,99,95,112,,,,,,,,,,,,,,,,,,,,,,,,,,,,,,,,,,,,,,,,,
21,26-05-19,101,111,91,,109,,104,83,97,98,113,,67,14,,100,89,,100,,91,80,110,85,94,94,114,,,,,,,,,,,,,,,,,,,,,,,,,,,,,,,,,,,,,,,,,
22,02-06-19,101,112,92,,110,,102,82,96,97,110,120,73,96,,99,90,,99,98,97,80,124,88,103,95,115,,,,,,,,,,,,,,,,,,,,,,,,,,,,,,,,,,,,,,,,,
23,09-06-19,101,112,92,,110,,102,79,96,99,108,120,74,104,,99,91,,101,,106,80,112,90,119,95,115,,,,,,,,,,,,,,,,,,,,,,,,,,,,,,,,,,,,,,,,,
24,16-06-19,,108,92,,110,,102,79,94,,108,110,61,,,89,91,,99,,102,80,112,89,112,94,115,,,,,,,,,,,,,,,,,,,,,,,,,,,,,,,,,,,,,,,,,
25,23-06-19,101,107,88,,109,,99,81,94,101,108,,77,,,92,90,,98,98,99,81,113,94,110,95,115,,,,,,,,,,,,,,,,,,,,,,,,,,,,,,,,,,,,,,,,,
26,30-06-19,101,107,88,,108,,97,84,94,92,108,,66,,,94,93,,96,98,94,81,116,87,109,96,116,,,,,,,,,,,,,,,,,,,,,,,,,,,,,,,,,,,,,,,,,
27,07-07-19,101,107,83,,108,,97,81,95,,110,,63,,,94,93,,95,,79,78,111,84,93,94,117,,,,,,,,,,,,,,,,,,,,,,,,,,,,,,,,,,,,,,,,,
28,14-07-19,101,107,82,,108,,97,77,95,,108,,61,104,,89,92,,94,98,78,78,106,80,99,94,116,,,,,,,,,,,,,,,,,,,,,,,,,,,,,,,,,,,,,,,,,
29,21-07-19,101,109,81,,107,,95,79,94,106,,,58,,,93,92,,93,,81,75,105,79,86,94,116,,,,,,,,,,,,,,,,,,,,,,,,,,,,,,,,,,,,,,,,,
30,28-07-19,101,112,81,,103,,95,70,93,101,,,57,96,,93,93,,92,,83,75,111,78,93,95,,,,,,,,,,,,,,,,,,,,,,,,,,,,,,,,,,,,,,,,,,
31,04-08-19,101,110,77,,104,,95,74,84,,,110,57,,,93,92,,91,,73,74,114,79,101,95,115,,,,,,,,,,,,,,,,,,,,,,,,,,,,,,,,,,,,,,,,,
32,11-08-19,101,110,77,,106,,95,74,83,95,108,,56,88,,85,87,,90,,80,,107,74,91,96,114,,,,,,,,,,,,,,,,,,,,,,,,,,,,,,,,,,,,,,,,,
33,18-08-19,101,104,74,,106,,,,83,86,108,110,56,,,92,90,,90,,70,74,105,74,88,95,114,,,,,,,,,,,,,,,,,,,,,,,,,,,,,,,,,,,,,,,,,
34,25-08-19,101,104,76,,105,,,,85,98,107,,54,,,95,89,,90,,66,74,109,77,89,95,114,,,,,,,,,,,,,,,,,,,,,,,,,,,,,,,,,,,,,,,,,
35,01-09-19,101,100,77,,105,,93,73,84,94,106,110,45,30,,97,88,,93,98,59,75,107,81,83,95,113,,,,,,,,,,,,,,,,,,,,,,,,,,,,,,,,,,,,,,,,,
36,08-09-19,101,104,80,,112,,93,73,87,94,106,100,44,30,,101,88,,95,98,80,73,106,85,82,95,114,,,,,,,,,,,,,,,,,,,,,,,,,,,,,,,,,,,,,,,,,
37,15-09-19,101,104,78,,107,,93,75,88,106,104,,58,,,89,89,,97,98,80,75,104,84,95,96,113,,,,,,,,,,,,,,,,,,,,,,,,,,,,,,,,,,,,,,,,,
38,22-09-19,101,106,86,,107,,103,79,91,,104,100,58,30,,96,92,,97,,85,78,90,91,103,96,114,,,,,,,,,,,,,,,,,,,,,,,,,,,,,,,,,,,,,,,,,
39,29-09-19,100,107,91,,108,,106,84,91,,104,,64,,,99,93,,94,98,87,80,103,88,90,96,114,,,,,,,,,,,,,,,,,,,,,,,,,,,,,,,,,,,,,,,,,
40,06-10-19,100,105,91,,108,,105,85,92,79,,,65,,,99,95,,94,98,83,79,,82,107,96,113,,,,,,,,,,,,,,,,,,,,,,,,,,,,,,,,,,,,,,,,,
41,13-10-19,100,106,,,108,,105,85,92,87,103,100,65,,,101,98,,96,,90,83,108,82,105,95,113,,,,,,,,,,,,,,,,,,,,,,,,,,,,,,,,,,,,,,,,,
42,20-10-19,100,107,,,108,,105,86,92,99,103,110,55,,,100,99,,93,98,77,83,108,81,99,96,113,,,,,,,,,,,,,,,,,,,,,,,,,,,,,,,,,,,,,,,,,
43,27-10-19,100,107,,,107,,105,85,92,98,102,,58,,,90,96,,94,98,84,84,109,79,94,96,115,,,,,,,,,,,,,,,,,,,,,,,,,,,,,,,,,,,,,,,,,
44,03-11-19,100,107,,,107,,104,85,92,77,102,110,58,78,,93,96,,93,98,82,86,108,77,95,96,113,,,,,,,,,,,,,,,,,,,,,,,,,,,,,,,,,,,,,,,,,
45,10-11-19,100,105,,,107,,98,82,92,99,102,110,58,80,,90,96,,95,,87,86,109,80,111,95,113,,,,,,,,,,,,,,,,,,,,,,,,,,,,,,,,,,,,,,,,,
46,17-11-19,98,105,,,108,,98,80,96,90,102,110,70,66,,99,94,,97,,83,86,106,84,91,97,113,,,,,,,,,,,,,,,,,,,,,,,,,,,,,,,,,,,,,,,,,
47,24-11-19,98,106,,,108,,99,80,96,94,102,110,69,70,,90,94,,98,,84,86,99,82,90,95,114,,,,,,,,,,,,,,,,,,,,,,,,,,,,,,,,,,,,,,,,,
48,01-12-19,98,105,,,108,,103,78,96,98,102,,72,,,96,94,,98,,85,81,110,85,94,96,116,,,,,,,,,,,,,,,,,,,,,,,,,,,,,,,,,,,,,,,,,
49,08-12-19,100,105,,,106,,101,80,95,62,102,105,83,74,,93,97,,99,,87,81,112,84,90,96,116,,,,,,,,,,,,,,,,,,,,,,,,,,,,,,,,,,,,,,,,,
50,15-12-19,100,105,,,106,,101,80,95,62,102,105,83,74,,93,97,,99,,87,81,112,84,90,96,117,,,,,,,,,,,,,,,,,,,,,,,,,,,,,,,,,,,,,,,,,
51,22-12-19,100,105,,,108,,97,,95,,104,,84,,,91,,,,98,,81,,87,93,96,117,,,,,,,,,,,,,,,,,,,,,,,,,,,,,,,,,,,,,,,,,
52,29-12-19,100,105,,,,,96,,93,,,,87,,,94,,,,98,89,84,,87,109,95,116,,,,,,,,,,,,,,,,,,,,,,,,,,,,,,,,,,,,,,,,,
1,05-01-20,100,105,0,0,107,0,0,0,93,101,105,105,84,55,0,97,96,0,99,98,89,83,109,86,95,97,115,,,,,,,,,,,,,,,,,,,,,,,,,,,,,,,,,,,,,,,,,
2,12-01-20,100,105,0,0,107,0,0,79,93,101,105,105,84,55,0,97,96,0,99,98,89,83,109,86,95,97,115,,,,,,,,,,,,,,,,,,,,,,,,,,,,,,,,,,,,,,,,,
3,19-01-20,101,105,0,0,108,0,97,83,102,92,111,0,80,86,0,97,101,0,101,98,96,88,113,86,107,99,115,,,,,,,,,,,,,,,,,,,,,,,,,,,,,,,,,,,,,,,,,
4,26-01-20,101,105,0,0,108,0,98,90,105,25,111,0,78,84,0,99,100,0,103,98,99,88,113,87,116,101,115,,,,,,,,,,,,,,,,,,,,,,,,,,,,,,,,,,,,,,,,,
5,02-02-20,,105,,,112,,98,93,105,,113,100,83,,,94,102,,102,,90,88,113,85,99,101,115,,,,,,,,,,,,,,,,,,,,,,,,,,,,,,,,,,,,,,,,,
6,09-02-20,105,105,,,111,,98,91,107,99,114,100,88,77,,98,101,,101,98,101,88,114,83,112,100,113,,,,,,,,,,,,,,,,,,,,,,,,,,,,,,,,,,,,,,,,,
7,16-02-20,105,105,,,112,,98,92,109,101,115,100,85,,,94,103,,101,98,109,86,109,89,103,95,113,,,,,,,,,,,,,,,,,,,,,,,,,,,,,,,,,,,,,,,,,
8,23-02-20,105,105,,,114,,102,92,109,101,115,100,81,,,94,99,,100,98,102,86,117,89,112,99,113,,,,,,,,,,,,,,,,,,,,,,,,,,,,,,,,,,,,,,,,,
9,01-03-20,105,102,,,112,,102,89,108,84,115,100,76,,,82,100,,99,98,99,85,112,77,94,99,114,,,,,,,,,,,,,,,,,,,,,,,,,,,,,,,,,,,,,,,,,
10,08-03-20,105,103,,,112,,103,85,109,134,115,100,77,,,93,97,,97,98,105,85,104,85,124,99,114,,,,,,,,,,,,,,,,,,,,,,,,,,,,,,,,,,,,,,,,,
11,15-03-20,105,101,,,115,,101,86,109,91,115,100,72,,,92,98,,97,,100,82,104,79,112,100,112,,,,,,,,,,,,,,,,,,,,,,,,,,,,,,,,,,,,,,,,,
12,22-03-20,105,101,,,114,,101,89,108,92,,100,76,,,94,94,,99,98,93,82,117,71,100,99,109,,,,,,,,,,,,,,,,,,,,,,,,,,,,,,,,,,,,,,,,,
13,29-03-20,105,101,,,117,,101,84,110,97,,100,74,,,97,99,,95,98,99,82,119,83,99,97,112,,,,,,,,,,,,,,,,,,,,,,,,,,,,,,,,,,,,,,,,,
14,05-04-20,105,102,,,119,,101,79,103,116,,100,72,,,100,89,,96,98,100,75,123,81,124,99,111,,,,,,,,,,,,,,,,,,,,,,,,,,,,,,,,,,,,,,,,,
15,12-04-20,105,102,,,119,,102,83,103,200,,100,70,,,96,95,,93,,86,75,135,77,114,99,111,,,,,,,,,,,,,,,,,,,,,,,,,,,,,,,,,,,,,,,,,
16,19-04-20,105,102,,,116,,,83,103,96,,100,62,59,,100,95,,93,98,94,75,136,78,119,100,112,,,,,,,,,,,,,,,,,,,,,,,,,,,,,,,,,,,,,,,,,
17,26-04-20,105,102,,,117,,102,83,103,102,,100,59,65,,97,92,,92,98,75,74,127,72,107,101,111,,,,,,,,,,,,,,,,,,,,,,,,,,,,,,,,,,,,,,,,,
18,03-05-20,105,102,,,114,,102,81,103,102,115,100,65,,,91,94,,92,,93,74,125,73,91,99,118,,,,,,,,,,,,,,,,,,,,,,,,,,,,,,,,,,,,,,,,,
19,10-05-20,101,101,,,113,,100,81,103,,120,100,73,,,91,95,,93,,84,77,129,72,93,99,,,,,,,,,,,,,,,,,,,,,,,,,,,,,,,,,,,,,,,,,,
20,17-05-20,101,101,,,114,,100,78,102,,120,100,72,,,92,91,,94,,82,75,124,71,138,100,118,,,,,,,,,,,,,,,,,,,,,,,,,,,,,,,,,,,,,,,,,
21,24-05-20,101,101,,,114,,100,75,101,,120,100,71,73,,95,91,,94,,84,74,126,78,94,100,118,,,,,,,,,,,,,,,,,,,,,,,,,,,,,,,,,,,,,,,,,
22,31-05-20,101,101,,,110,,100,74,101,,112,100,76,69,,89,91,,93,,97,74,123,72,93,99,120,,,,,,,,,,,,,,,,,,,,,,,,,,,,,,,,,,,,,,,,,
23,07-06-20,101,101,,,113,,100,74,99,101,112,100,84,,,92,91,,92,98,81,74,117,72,108,99,110,,,,,,,,,,,,,,,,,,,,,,,,,,,,,,,,,,,,,,,,,
24,14-06-20,101,101,,,113,,100,76,95,101,112,105,67,,,94,91,,90,98,96,74,128,69,85,99,109,,,,,,,,,,,,,,,,,,,,,,,,,,,,,,,,,,,,,,,,,
25,21-06-20,101,101,,,111,,100,75,92,102,110,105,65,,,93,87,,88,98,93,74,127,73,118,100,108,,,,,,,,,,,,,,,,,,,,,,,,,,,,,,,,,,,,,,,,,
26,28-06-20,101,101,,,108,,100,76,91,106,110,105,61,,,87,82,,86,98,86,74,126,77,92,100,109,,,,,,,,,,,,,,,,,,,,,,,,,,,,,,,,,,,,,,,,,
27,05-07-20,101,101,,,107,,100,75,88,93,110,105,56,67,,89,84,,79,98,87,74,119,65,84,97,109,,,,,,,,,,,,,,,,,,,,,,,,,,,,,,,,,,,,,,,,,
28,12-07-20,101,100,,,107,,97,77,88,101,105,105,49,64,,89,82,,84,98,81,74,122,69,90,98,110,,,,,,,,,,,,,,,,,,,,,,,,,,,,,,,,,,,,,,,,,
29,19-07-20,101,102,,,108,,97,86,88,101,105,105,56,62,,81,81,,88,98,82,74,120,66,80,99,110,,,,,,,,,,,,,,,,,,,,,,,,,,,,,,,,,,,,,,,,,
30,26-07-20,101,102,,,105,,92,87,88,102,105,105,57,62,,83,84,,88,98,79,73,120,70,107,99,111,,,,,,,,,,,,,,,,,,,,,,,,,,,,,,,,,,,,,,,,,
31,02-08-20,101,102,,,106,,92,92,88,101,102,105,63,67,,86,84,,88,98,64,73,119,70,73,98,111,,,,,,,,,,,,,,,,,,,,,,,,,,,,,,,,,,,,,,,,,
32,09-08-20,101,102,,,106,,92,88,88,101,100,105,49,67,,82,84,,88,,77,75,129,64,86,99,111,,,,,,,,,,,,,,,,,,,,,,,,,,,,,,,,,,,,,,,,,
33,16-08-20,101,102,,,105,,95,84,88,102,100,,59,64,,84,86,,88,,69,76,114,68,73,99,112,,,,,,,,,,,,,,,,,,,,,,,,,,,,,,,,,,,,,,,,,
34,23-08-20,101,102,,,107,,94,82,87,101,100,,58,,,83,84,,86,,70,,122,59,82,99,110,,,,,,,,,,,,,,,,,,,,,,,,,,,,,,,,,,,,,,,,,
35,30-08-20,101,99,,,106,,94,81,88,106,100,,51,53,,83,82,,88,,72,76,115,60,75,99,,,,,,,,,,,,,,,,,,,,,,,,,,,,,,,,,,,,,,,,,,
36,06-09-20,101,100,,,105,,94,79,88,97,100,,50,,,80,79,,88,,58,74,,66,87,99,,,,,,,,,,,,,,,,,,,,,,,,,,,,,,,,,,,,,,,,,,
37,13-09-20,101,100,,,106,,94,80,87,97,100,95,56,,,77,77,,88,,,74,141,65,68,99,112,,,,,,,,,,,,,,,,,,,,,,,,,,,,,,,,,,,,,,,,,
38,20-09-20,101,99,,,108,,95,79,87,87,102,90,58,,,80,79,,87,,67,74,120,65,84,100,,,,,,,,,,,,,,,,,,,,,,,,,,,,,,,,,,,,,,,,,,
39,27-09-20,101,101,,,108,,94,79,87,97,102,90,58,,,86,78,,87,,65,74,119,64,102,99,,,,,,,,,,,,,,,,,,,,,,,,,,,,,,,,,,,,,,,,,,
40,04-10-20,101,99,,,109,,94,79,87,97,102,90,53,,,84,79,,85,,76,77,117,62,80,100,112,,,,,,,,,,,,,,,,,,,,,,,,,,,,,,,,,,,,,,,,,
41,11-10-20,101,98,,,107,,94,74,87,98,100,90,50,,,75,80,,84,,69,80,117,62,92,99,110,,,,,,,,,,,,,,,,,,,,,,,,,,,,,,,,,,,,,,,,,
42,18-10-20,101,97,,,107,,94,81,91,97,100,,49,,,81,75,,86,98,57,83,116,63,110,98,,,,,,,,,,,,,,,,,,,,,,,,,,,,,,,,,,,,,,,,,,
43,25-10-20,101,96,,,106,,94,84,90,91,100,,48,,,79,70,,82,98,52,83,116,57,152,97,,,,,,,,,,,,,,,,,,,,,,,,,,,,,,,,,,,,,,,,,,
44,01-11-20,101,96,,,106,,94,76,89,97,,,59,48,,74,73,,80,98,73,83,117,53,135,99,,,,,,,,,,,,,,,,,,,,,,,,,,,,,,,,,,,,,,,,,,
45,08-11-20,101,95,,,105,,92,68,89,96,,,69,41,,74,66,,84,98,74,83,115,62,113,98,,,,,,,,,,,,,,,,,,,,,,,,,,,,,,,,,,,,,,,,,,
46,15-11-20,101,93,,,106,,92,70,89,91,95,95,44,36,,73,68,,85,98,79,77,121,57,92,101,,,,,,,,,,,,,,,,,,,,,,,,,,,,,,,,,,,,,,,,,,
47,22-11-20,101,94,,,106,,91,72,89,97,95,97,53,30,,75,72,,86,98,74,74,117,61,93,101,,,,,,,,,,,,,,,,,,,,,,,,,,,,,,,,,,,,,,,,,,
48,29-11-20,101,94,,,107,,90,80,88,97,95,97,62,,,77,70,,89,98,86,74,118,74,94,100,,,,,,,,,,,,,,,,,,,,,,,,,,,,,,,,,,,,,,,,,,
49,06-12-20,101,95,,,107,,90,86,88,91,95,95,60,,,85,72,,89,98,80,74,114,77,89,101,,,,,,,,,,,,,,,,,,,,,,,,,,,,,,,,,,,,,,,,,,
50,13-12-20,99,93,,,106,,91,87,88,92,95,95,63,,,89,85,,90,98,80,77,115,79,106,101,107,,,,,,,,,,,,,,,,,,,,,,,,,,,,,,,,,,,,,,,,,
51,20-12-20,99,96,,,107,,92,87,90,86,95,,63,,,90,,,90,98,79,77,120,77,82,102,,,,,,,,,,,,,,,,,,,,,,,,,,,,,,,,,,,,,,,,,,
52,27-12-20,99,95,,,108,,93,88,90,106,95,,64,,,91,,,89,98,81,74,121,76,85,101,,,,,,,,,,,,,,,,,,,,,,,,,,,,,,,,,,,,,,,,,,
53,03-01-21,99,98,,,,,92,85,90,99,95,,66,,,92,88,,89,,81,74,119,80,104,100,,,,,,,,,,,,,,,,,,,,,,,,,,,,,,,,,,,,,,,,,,
1,10-01-21,99,99,,,108,,93,87,91,89,95,,64,71,,91,86,,89,,93,72,122,82,89,99,,,,,,,,,,,,,,,,,,,,,,,,,,,,,,,,,,,,,,,,,,
2,17-01-21,101,99,,,108,,96,99,93,99,100,,63,71,,91,88,,91,,85,71,,76,99,99,,,,,,,,,,,,,,,,,,,,,,,,,,,,,,,,,,,,,,,,,,
3,24-01-21,100,99,,,108,,98,120,93,99,102,,66,,,85,91,,90,,80,73,121,80,87,99,,,,,,,,,,,,,,,,,,,,,,,,,,,,,,,,,,,,,,,,,,
4,31-01-21,101,99,,,109,,98,92,95,99,102,,71,,,89,88,,93,,85,73,121,87,89,98,,,,,,,,,,,,,,,,,,,,,,,,,,,,,,,,,,,,,,,,,,
5,07-02-21,102,100,,,108,,99,95,97,92,102,,73,,,92,89,,96,,99,74,120,85,102,99,,,,,,,,,,,,,,,,,,,,,,,,,,,,,,,,,,,,,,,,,,
6,14-02-21,102,100,,,110,,99,91,98,99,102,,74,83,,92,91,,97,,74,75,121,93,100,99,,,,,,,,,,,,,,,,,,,,,,,,,,,,,,,,,,,,,,,,,,
7,21-02-21,102,103,,,113,,100,87,99,99,102,,79,,,95,94,,98,,76,76,121,93,111,99,,,,,,,,,,,,,,,,,,,,,,,,,,,,,,,,,,,,,,,,,,
8,28-02-21,102,106,,,115,,100,95,98,99,103,,82,83,,89,97,,97,,88,81,122,90,111,99,,,,,,,,,,,,,,,,,,,,,,,,,,,,,,,,,,,,,,,,,,
9,07-03-21,104,107,,,112,,101,93,95,98,103,,81,84,,96,91,,97,98,89,81,121,86,92,99,,,,,,,,,,,,,,,,,,,,,,,,,,,,,,,,,,,,,,,,,,
10,14-03-21,104,110,,,113,,99,98,95,86,,,81,81,,96,94,,94,98,96,82,121,94,111,99,,,,,,,,,,,,,,,,,,,,,,,,,,,,,,,,,,,,,,,,,,
11,21-03-21,104,112,,,113,,102,90,98,87,106,,73,53,,88,92,,94,90,83,82,121,85,109,98,,,,,,,,,,,,,,,,,,,,,,,,,,,,,,,,,,,,,,,,,,
12,28-03-21,104,106,,,112,,102,93,98,96,106,,73,76,,96,95,,94,90,96,82,121,81,94,99,,,,,,,,,,,,,,,,,,,,,,,,,,,,,,,,,,,,,,,,,,
13,04-04-21,104,101,,,111,,100,96,98,96,106,,74,76,,94,95,,94,90,96,82,120,83,90,99,,,,,,,,,,,,,,,,,,,,,,,,,,,,,,,,,,,,,,,,,,
14,11-04-21,104,102,,,112,,100,97,98,97,106,,74,75,,91,90,,94,90,100,82,121,79,93,96,,,,,,,,,,,,,,,,,,,,,,,,,,,,,,,,,,,,,,,,,,
15,18-04-21,104,102,,,112,,99,84,98,83,106,,75,,,95,90,,93,90,98,82,121,78,99,95,,,,,,,,,,,,,,,,,,,,,,,,,,,,,,,,,,,,,,,,,,
16,25-04-21,104,101,,,111,,99,87,98,96,106,,73,,,93,89,,93,90,94,82,119,82,108,96,,,,,,,,,,,,,,,,,,,,,,,,,,,,,,,,,,,,,,,,,,
17,02-05-21,101,100,,,111,,99,87,98,96,106,,70,,,90,89,,93,90,94,80,120,78,106,97,,,,,,,,,,,,,,,,,,,,,,,,,,,,,,,,,,,,,,,,,,
18,09-05-21,102,101,,,112,,99,84,97,96,106,,72,,,91,87,,93,90,83,84,120,83,101,97,,,,,,,,,,,,,,,,,,,,,,,,,,,,,,,,,,,,,,,,,,
19,16-05-21,102,102,,,111,,99,97,95,96,105,,71,,,92,90,,93,90,,84,116,81,103,97,,,,,,,,,,,,,,,,,,,,,,,,,,,,,,,,,,,,,,,,,,
20,23-05-21,102,101,,,111,,99,83,95,97,104,,69,,,93,92,,92,90,100,81,117,73,103,99,,,,,,,,,,,,,,,,,,,,,,,,,,,,,,,,,,,,,,,,,,
21,30-05-21,102,100,,,111,,99,81,92,100,104,,66,72,,89,94,,90,90,94,79,115,77,100,101,,,,,,,,,,,,,,,,,,,,,,,,,,,,,,,,,,,,,,,,,,
22,06-06-21,102,102,,,110,,99,83,90,100,105,,68,77,,93,93,,90,90,94,79,114,77,93,98,,,,,,,,,,,,,,,,,,,,,,,,,,,,,,,,,,,,,,,,,,
23,13-06-21,102,101,,,110,,97,74,88,100,105,,64,,,93,90,,90,90,90,77,116,75,87,96,,,,,,,,,,,,,,,,,,,,,,,,,,,,,,,,,,,,,,,,,,
24,20-06-21,102,101,,,109,,97,68,87,92,105,,61,,,86,88,,89,90,82,79,112,73,87,97,,,,,,,,,,,,,,,,,,,,,,,,,,,,,,,,,,,,,,,,,,
25,27-06-21,102,101,,,109,,97,79,87,97,105,,62,,,90,87,,89,90,80,79,112,71,89,97,,,,,,,,,,,,,,,,,,,,,,,,,,,,,,,,,,,,,,,,,,
26,04-07-21,98,97,,,109,,97,81,86,106,105,,60,,,84,87,,87,90,72,70,118,69,88,97,,,,,,,,,,,,,,,,,,,,,,,,,,,,,,,,,,,,,,,,,,
27,11-07-21,98,96,,,107,,95,72,84,99,100,,56,,,84,86,,87,90,77,75,120,63,97,97,,,,,,,,,,,,,,,,,,,,,,,,,,,,,,,,,,,,,,,,,,
28,18-07-21,98,98,,,109,,96,77,82,98,100,,49,,,80,83,,85,90,81,75,118,66,86,95,,,,,,,,,,,,,,,,,,,,,,,,,,,,,,,,,,,,,,,,,,
29,25-07-21,98,99,,,108,,99,78,83,97,100,,44,,,86,79,,85,90,68,73,116,77,79,97,,,,,,,,,,,,,,,,,,,,,,,,,,,,,,,,,,,,,,,,,,
30,01-08-21,98,97,,,109,,99,73,83,97,100,,48,,,77,76,,84,90,74,73,117,62,83,98,,,,,,,,,,,,,,,,,,,,,,,,,,,,,,,,,,,,,,,,,,
31,08-08-21,98,96,,,107,,95,78,83,88,97,,58,,,88,77,,84,90,67,,117,69,86,97,,,,,,,,,,,,,,,,,,,,,,,,,,,,,,,,,,,,,,,,,,
32,15-08-21,98,96,,,107,,95,73,82,100,97,,51,,,81,75,,85,90,78,70,107,55,76,98,,,,,,,,,,,,,,,,,,,,,,,,,,,,,,,,,,,,,,,,,,
33,22-08-21,98,97,,,105,,97,67,82,89,97,,48,,,82,73,,86,90,70,74,106,55,77,98,,,,,,,,,,,,,,,,,,,,,,,,,,,,,,,,,,,,,,,,,,
34,29-08-21,98,97,,,107,,97,76,82,94,99,,52,,,83,76,,88,90,75,74,106,61,68,99,,,,,,,,,,,,,,,,,,,,,,,,,,,,,,,,,,,,,,,,,,
35,05-09-21,98,87,,,110,,97,73,82,95,97,,58,,,80,79,,87,90,73,73,,73,83,102,,,,,,,,,,,,,,,,,,,,,,,,,,,,,,,,,,,,,,,,,,
36,12-09-21,98,95,,,107,,97,65,82,97,94,,62,,,76,82,,89,90,86,71,,61,88,101,,,,,,,,,,,,,,,,,,,,,,,,,,,,,,,,,,,,,,,,,,
37,19-09-21,98,96,,,109,,97,69,88,96,94,,69,,,74,84,,91,90,81,71,106,71,97,96,,,,,,,,,,,,,,,,,,,,,,,,,,,,,,,,,,,,,,,,,,
38,26-09-21,98,97,,,110,,97,72,90,96,97,,69,,,90,84,,91,90,80,68,104,72,81,101,,,,,,,,,,,,,,,,,,,,,,,,,,,,,,,,,,,,,,,,,,
39,03-10-21,98,100,,,110,,98,74,92,98,97,,75,,,83,82,,87,90,86,68,113,77,84,101,,,,,,,,,,,,,,,,,,,,,,,,,,,,,,,,,,,,,,,,,,
40,10-10-21,98,97,,,109,,98,80,92,106,97,,73,,,89,,,90,90,89,69,115,81,89,100,,,,,,,,,,,,,,,,,,,,,,,,,,,,,,,,,,,,,,,,,,
41,17-10-21,98,97,,,111,,98,84,92,85,102,,70,,,91,87,,90,90,83,69,116,83,85,101,,,,,,,,,,,,,,,,,,,,,,,,,,,,,,,,,,,,,,,,,,
42,24-10-21,98,102,,,111,,99,86,92,95,102,,71,,,93,85,,89,90,80,82,117,82,87,103,,,,,,,,,,,,,,,,,,,,,,,,,,,,,,,,,,,,,,,,,,
43,31-10-21,98,105,,,110,,99,87,91,89,102,,67,,,93,85,,89,90,87,79,116,80,92,99,,,,,,,,,,,,,,,,,,,,,,,,,,,,,,,,,,,,,,,,,,
44,07-11-21,98,109,,,110,,98,84,91,82,99,,62,,,95,85,,89,90,86,79,121,73,83,101,,,,,,,,,,,,,,,,,,,,,,,,,,,,,,,,,,,,,,,,,,
45,14-11-21,98,110,,,109,,98,82,90,86,99,,63,61,,91,83,,88,90,74,79,116,77,80,101,,,,,,,,,,,,,,,,,,,,,,,,,,,,,,,,,,,,,,,,,,
46,21-11-21,98,110,,,110,,98,82,90,106,99,,67,,,81,83,,88,90,77,82,115,79,84,99,,,,,,,,,,,,,,,,,,,,,,,,,,,,,,,,,,,,,,,,,,
47,28-11-21,96,111,,,107,,98,80,90,96,98,,62,,,87,83,,88,90,83,85,,79,86,102,,,,,,,,,,,,,,,,,,,,,,,,,,,,,,,,,,,,,,,,,,
48,05-12-21,96,111,,,109,,98,75,90,86,99,,63,,,90,83,,88,90,79,80,114,72,78,124,,,,,,,,,,,,,,,,,,,,,,,,,,,,,,,,,,,,,,,,,,
49,12-12-21,96,111,,,108,,98,76,90,97,99,,66,,,84,81,,91,90,85,80,108,92,89,100,,,,,,,,,,,,,,,,,,,,,,,,,,,,,,,,,,,,,,,,,,
50,19-12-21,96,111,,,109,,99,75,90,88,97,,78,,,87,82,,91,90,74,85,121,83,78,102,,,,,,,,,,,,,,,,,,,,,,,,,,,,,,,,,,,,,,,,,,
51,26-12-21,96,111,,,109,,98,83,90,,97,,70,,,89,88,,90,90,75,85,122,91,74,103,,,,,,,,,,,,,,,,,,,,,,,,,,,,,,,,,,,,,,,,,,
52,02-01-22,96,111,,,,,98,76,92,92,95,,66,,,90,87,,90,90,84,85,,84,101,104,,,,,,,,,,,,,,,,,,,,,,,,,,,,,,,,,,,,,,,,,,
1,09-01-22,96,111,,,110,,98,72,92,92,95,,65,,,97,89,,91,100,84,75,118,81,94,106,,,,,,,,,,,,,,,,,,,,,,,,,,,,,,,,,,,,,,,,,,
2,16-01-22,96,112,,,113,,98,75,92,91,95,,65,64,,91,90,,96,100,90,75,118,95,92,108,,,,,,,,,,,,,,,,,,,,,,,,,,,,,,,,,,,,,,,,,,
3,23-01-22,96,118,,,113,,103,78,93,101,99,,75,,,89,89,,93,100,86,75,,84,90,107,,,,,,,,,,,,,,,,,,,,,,,,,,,,,,,,,,,,,,,,,,
4,30-01-22,96,120,,,116,,102,91,93,89,99,,76,86,,94,91,,99,100,85,75,116,100,94,109,,,,,,,,,,,,,,,,,,,,,,,,,,,,,,,,,,,,,,,,,,
5,06-02-22,96,128,,,115,,102,92,94,98,102,,81,,,99,99,,102,100,,85,119,88,116,112,,,,,,,,,,,,,,,,,,,,,,,,,,,,,,,,,,,,,,,,,,
6,13-02-22,96,128,,,120,,104,99,104,90,105,,89,73,,100,105,,103,100,105,85,123,99,104,110,,,,,,,,,,,,,,,,,,,,,,,,,,,,,,,,,,,,,,,,,,
7,20-02-22,96,126,,,118,,109,101,109,106,105,,89,,,101,104,,106,100,108,85,127,105,105,112,,,,,,,,,,,,,,,,,,,,,,,,,,,,,,,,,,,,,,,,,,
8,27-02-22,96,127,,,118,,109,101,110,91,105,,98,97,,104,107,,106,100,105,85,123,84,104,112,,,,,,,,,,,,,,,,,,,,,,,,,,,,,,,,,,,,,,,,,,
9,06-03-22,96,124,,,118,,109,105,109,110,105,,96,91,,104,100,,106,100,96,90,128,100,114,109,,,,,,,,,,,,,,,,,,,,,,,,,,,,,,,,,,,,,,,,,,
10,13-03-22,96,127,,,121,,111,103,110,103,105,,95,85,,109,103,,106,,105,90,124,96,109,111,,,,,,,,,,,,,,,,,,,,,,,,,,,,,,,,,,,,,,,,,,
11,20-03-22,96,126,,,121,,112,105,113,100,105,,91,94,,104,107,,106,100,108,90,123,93,106,111,,,,,,,,,,,,,,,,,,,,,,,,,,,,,,,,,,,,,,,,,,
12,27-03-22,96,125,,,121,,112,105,113,101,119,,88,91,,103,103,,102,100,88,91,124,89,104,110,,,,,,,,,,,,,,,,,,,,,,,,,,,,,,,,,,,,,,,,,,
13,03-04-22,96,118,,,120,,112,110,113,99,119,,91,97,,109,106,,103,100,91,90,128,101,106,111,,,,,,,,,,,,,,,,,,,,,,,,,,,,,,,,,,,,,,,,,,
14,10-04-22,96,117,,,119,,112,106,113,100,121,,88,86,,106,102,,101,100,103,94,126,84,106,113,,,,,,,,,,,,,,,,,,,,,,,,,,,,,,,,,,,,,,,,,,
15,17-04-22,96,118,,,121,,109,102,113,101,121,,86,87,,107,104,,103,100,105,102,116,87,106,114,,,,,,,,,,,,,,,,,,,,,,,,,,,,,,,,,,,,,,,,,,
16,24-04-22,96,117,,,120,,112,134,113,99,121,,85,85,,104,105,,103,100,109,102,125,82,100,112,,,,,,,,,,,,,,,,,,,,,,,,,,,,,,,,,,,,,,,,,,
17,01-05-22,96,127,,,122,,113,105,113,101,,,87,82,,102,105,,101,100,104,102,121,85,100,113,,,,,,,,,,,,,,,,,,,,,,,,,,,,,,,,,,,,,,,,,,
18,08-05-22,96,122,,,123,,112,105,113,100,,,87,,,99,103,,101,100,104,102,125,83,100,122,,,,,,,,,,,,,,,,,,,,,,,,,,,,,,,,,,,,,,,,,,
19,15-05-22,96,119,,,122,,112,104,113,101,119,,90,,,96,,,100,100,103,102,120,86,96,116,,,,,,,,,,,,,,,,,,,,,,,,,,,,,,,,,,,,,,,,,,
20,22-05-22,96,119,,,121,,112,137,113,95,119,,84,,,106,101,,100,100,101,102,122,84,118,111,,,,,,,,,,,,,,,,,,,,,,,,,,,,,,,,,,,,,,,,,,
21,29-05-22,96,126,,,120,,112,106,113,101,119,,83,,,96,101,,100,100,104,102,125,82,118,113,,,,,,,,,,,,,,,,,,,,,,,,,,,,,,,,,,,,,,,,,,
22,05-06-22,96,124,,,121,,110,105,109,102,119,,79,,,96,98,,97,100,96,99,139,81,123,115,,,,,,,,,,,,,,,,,,,,,,,,,,,,,,,,,,,,,,,,,,
23,12-06-22,96,124,,,121,,110,104,106,101,119,,72,,,102,96,,95,100,90,93,131,80,96,111,,,,,,,,,,,,,,,,,,,,,,,,,,,,,,,,,,,,,,,,,,
24,19-06-22,96,124,,,121,,110,106,105,98,119,,67,,,98,,,97,100,83,92,139,78,98,113,,,,,,,,,,,,,,,,,,,,,,,,,,,,,,,,,,,,,,,,,,
25,26-06-22,96,123,,,119,,110,108,105,108,119,,68,,,96,93,,94,100,85,92,142,80,116,120,,,,,,,,,,,,,,,,,,,,,,,,,,,,,,,,,,,,,,,,,,
26,03-07-22,96,122,,,119,,109,108,103,103,119,,73,,,98,93,,94,100,,92,133,80,85,114,,,,,,,,,,,,,,,,,,,,,,,,,,,,,,,,,,,,,,,,,,
27,10-07-22,96,123,,,120,,109,98,96,100,119,,69,,,99,86,,94,100,68,92,126,72,116,114,,,,,,,,,,,,,,,,,,,,,,,,,,,,,,,,,,,,,,,,,,
28,17-07-22,96,123,,,119,,109,98,95,100,119,,75,,,97,85,,95,100,67,92,89,84,100,113,,,,,,,,,,,,,,,,,,,,,,,,,,,,,,,,,,,,,,,,,,
29,24-07-22,96,118,,,120,,109,98,94,100,119,,72,,,101,87,,95,100,73,92,105,84,106,109,,,,,,,,,,,,,,,,,,,,,,,,,,,,,,,,,,,,,,,,,,
30,31-07-22,96,117,,,119,,110,93,93,101,116,,75,,,93,86,,95,100,88,93,101,87,124,116,,,,,,,,,,,,,,,,,,,,,,,,,,,,,,,,,,,,,,,,,,
31,07-08-22,96,118,,,119,,100,88,93,102,116,,79,,,95,89,,102,100,99,93,,88,122,114,,,,,,,,,,,,,,,,,,,,,,,,,,,,,,,,,,,,,,,,,,
32,14-08-22,96,118,,,119,,110,88,93,104,116,,82,,,95,88,,102,100,98,93,103,94,106,124,,,,,,,,,,,,,,,,,,,,,,,,,,,,,,,,,,,,,,,,,,
33,21-08-22,96,123,,,121,,112,89,93,105,116,,85,,,97,89,,105,100,,93,124,98,84,124,,,,,,,,,,,,,,,,,,,,,,,,,,,,,,,,,,,,,,,,,,
34,28-08-22,96,125,,,121,,112,89,96,114,119,,87,,,101,91,,105,100,,93,119,101,100,112,,,,,,,,,,,,,,,,,,,,,,,,,,,,,,,,,,,,,,,,,,
35,04-09-22,96,131,,,121,,114,88,105,103,121,,95,,,101,94,,105,100,,93,109,105,102,114,,,,,,,,,,,,,,,,,,,,,,,,,,,,,,,,,,,,,,,,,,
36,11-09-22,96,135,,,123,,114,102,107,105,123,,97,,,102,105,,108,100,114,93,,111,120,110,,,,,,,,,,,,,,,,,,,,,,,,,,,,,,,,,,,,,,,,,,
37,18-09-22,96,135,,,126,,112,108,107,103,126,,101,,,111,115,,112,100,120,96,121,121,146,115,,,,,,,,,,,,,,,,,,,,,,,,,,,,,,,,,,,,,,,,,,
38,25-09-22,96,135,,,126,,117,111,110,105,126,,102,,,113,120,,109,100,117,98,119,122,138,115,,,,,,,,,,,,,,,,,,,,,,,,,,,,,,,,,,,,,,,,,,
39,02-10-22,96,139,,,127,,117,114,110,105,128,,108,,,113,119,,109,100,103,107,125,118,139,115,,,,,,,,,,,,,,,,,,,,,,,,,,,,,,,,,,,,,,,,,,
40,09-10-22,96,141,,,130,,116,128,111,103,128,,106,,,117,116,,110,100,116,123,128,117,123,118,,,,,,,,,,,,,,,,,,,,,,,,,,,,,,,,,,,,,,,,,,
41,16-10-22,96,141,,,130,,118,119,111,103,128,,102,,,109,110,,109,100,125,115,121,112,94,114,,,,,,,,,,,,,,,,,,,,,,,,,,,,,,,,,,,,,,,,,,
42,23-10-22,96,141,,,131,,123,128,110,102,128,,101,105,,115,118,,108,100,114,117,127,117,117,113,,,,,,,,,,,,,,,,,,,,,,,,,,,,,,,,,,,,,,,,,,
43,30-10-22,96,140,,,130,,119,120,110,102,129,,94,99,,115,113,,105,100,115,118,129,112,105,112,,,,,,,,,,,,,,,,,,,,,,,,,,,,,,,,,,,,,,,,,,
44,06-11-22,96,140,,,131,,122,119,110,102,129,,86,96,,114,113,,103,100,103,116,131,106,104,114,,,,,,,,,,,,,,,,,,,,,,,,,,,,,,,,,,,,,,,,,,
45,13-11-22,96,141,,,132,,121,116,110,103,129,,88,94,,103,115,,104,100,103,112,124,107,104,116,,,,,,,,,,,,,,,,,,,,,,,,,,,,,,,,,,,,,,,,,,
46,20-11-22,96,140,,,131,,120,110,110,103,129,,89,95,,112,111,,104,100,118,112,122,100,112,118,,,,,,,,,,,,,,,,,,,,,,,,,,,,,,,,,,,,,,,,,,
47,27-11-22,96,135,,,130,,120,107,110,103,129,,89,103,,105,111,,109,100,126,112,125,108,95,112,,,,,,,,,,,,,,,,,,,,,,,,,,,,,,,,,,,,,,,,,,
48,04-12-22,96,135,,,129,,118,110,111,103,129,,89,107,,119,113,,112,100,115,107,126,114,112,115,,,,,,,,,,,,,,,,,,,,,,,,,,,,,,,,,,,,,,,,,,
49,11-12-22,96,135,,,131,,119,106,111,105,129,,100,,,105,120,,113,100,114,102,124,116,108,113,,,,,,,,,,,,,,,,,,,,,,,,,,,,,,,,,,,,,,,,,,
50,18-12-22,96,135,,,131,,119,100,111,102,129,,105,115,,111,135,,111,100,125,97,124,117,105,115,,,,,,,,,,,,,,,,,,,,,,,,,,,,,,,,,,,,,,,,,,
51,25-12-22,96,134,,,130,,123,102,111,106,129,,97,,,126,137,,111,100,127,98,126,115,76,115,,,,,,,,,,,,,,,,,,,,,,,,,,,,,,,,,,,,,,,,,,
52,01-01-23,96,142,,,,,120,100,110,102,129,,102,118,,123,140,,106,,128,98,,123,144,114,,,,,,,,,,,,,,,,,,,,,,,,,,,,,,,,,,,,,,,,,,
1,08-01-23,96,153,,,131,,121,93,111,104,129,,108,,,127,138,,116,,131,95,140,123,113,119,,,,,,,,,,,,,,,,,,,,,,,,,,,,,,,,,,,,,,,,,,
2,15-01-23,96,141,,,134,,122,98,115,105,129,,114,112,,121,139,,119,,132,97,135,119,119,120,,,,,,,,,,,,,,,,,,,,,,,,,,,,,,,,,,,,,,,,,,
3,22-01-23,96,141,,,134,,122,107,122,103,129,,107,108,,116,148,,120,,133,98,,118,129,126,,,,,,,,,,,,,,,,,,,,,,,,,,,,,,,,,,,,,,,,,,
4,29-01-23,96,141,,,134,,122,106,127,105,129,,114,,,117,142,,121,101,136,100,136,121,134,127,,,,,,,,,,,,,,,,,,,,,,,,,,,,,,,,,,,,,,,,,,
5,05-02-23,96,141,,,136,,,102,127,105,129,,115,,,131,146,,125,101,136,101,142,131,149,123,,,,,,,,,,,,,,,,,,,,,,,,,,,,,,,,,,,,,,,,,,
6,12-02-23,96,144,,,139,,121,110,125,104,129,,120,,,126,140,,126,101,136,103,132,132,132,132,,,,,,,,,,,,,,,,,,,,,,,,,,,,,,,,,,,,,,,,,,
7,19-02-23,96,148,,,139,,122,108,126,105,129,,114,130,,130,146,,123,150,132,103,148,128,126,130,,,,,,,,,,,,,,,,,,,,,,,,,,,,,,,,,,,,,,,,,,
8,26-02-23,96,148,,,140,,122,113,125,106,129,,113,129,,132,142,,126,150,133,103,132,122,143,134,,,,,,,,,,,,,,,,,,,,,,,,,,,,,,,,,,,,,,,,,,
9,05-03-23,96,148,,,141,,122,107,125,104,129,,111,,,125,137,,118,150,140,103,158,129,154,129,,,,,,,,,,,,,,,,,,,,,,,,,,,,,,,,,,,,,,,,,,
10,12-03-23,96,148,,,140,,122,110,126,106,130,,110,,,130,143,,115,150,126,103,137,120,132,137,,,,,,,,,,,,,,,,,,,,,,,,,,,,,,,,,,,,,,,,,,
11,19-03-23,96,148,,,139,,122,111,125,106,130,,105,,,128,136,,119,150,119,103,133,129,122,138,,,,,,,,,,,,,,,,,,,,,,,,,,,,,,,,,,,,,,,,,,
12,26-03-23,96,151,,,138,,122,108,127,106,130,,102,,,127,133,,119,150,112,104,130,110,125,133,,,,,,,,,,,,,,,,,,,,,,,,,,,,,,,,,,,,,,,,,,
13,02-04-23,96,152,,,139,,121,111,127,106,130,,101,,,125,135,,119,150,,100,128,108,124,129,,,,,,,,,,,,,,,,,,,,,,,,,,,,,,,,,,,,,,,,,,
14,09-04-23,96,152,,,140,,120,106,128,107,130,,101,,,125,139,,115,150,132,100,132,105,117,133,,,,,,,,,,,,,,,0.259620153771844,0.0135487510477163,,,0.209783480569599,,0.0134528913464279,0.0102193079726974,0.000636506759605373,0.0110782239447178,0.140023880679801,,0.000232511425844164,,,,0.0144450364068808,,0.0105397360985996,0.00116707749432776,0.0622015080072624,0.0377062242470903,0.0256463458028666,0.0104378647777361,0.00903611664536529,0.00352564141896736,,
15,16-04-23,96,152,,,138,,120,110,128,107,130,,97,,,124,137,,115,150,117,100,121,102,,127,,127,,,,,,,,,,,,,,,,,,,,,,,,,,,,,,,,,,,,,,,,
16,23-04-23,96,152,,,141,,120,105,128,106,130,,98,,,114,138,,114,150,113,100,122,107,127,128,,128,,,,,,,,,,,,,,,,,,,,,,,,,,,,,,,,,,,,,,,,
17,30-04-23,96,154,,,139,,120,105,128,106,130,,88,,,123,133,,113,150,,98,131,111,114,129,,,,,,,,,,,,,,,,,,,,,,,,,,,,,,,,,,,,,,,,,,
18,07-05-23,96,152,,,139,,118,102,128,106,130,,88,,,124,128,,108,,109,98,134,109,116,130,,,,,,,,,,,,,,,,,,,,,,,,,,,,,,,,,,,,,,,,,,
19,14-05-23,96,152,,,139,,119,96,128,106,130,,88,91,,119,125,,108,150,107,98,132,109,116,130,,,,,,,,,,,,,,,,,,,,,,,,,,,,,,,,,,,,,,,,,,
20,21-05-23,96,151,,,138,,117,101,129,107,130,,87,,,111,123,,105,150,,98,120,104,122,143,,,,,,,,,,,,,,,,,,,,,,,,,,,,,,,,,,,,,,,,,,
21,28-05-23,96,150,,,139,,117,98,129,107,,,89,,,118,124,,106,150,109,98,131,96,119,119,,,,,,,,,,,,,,,,,,,,,,,,,,,,,,,,,,,,,,,,,,
