week,ending on,BE,BG,CZ,DK,DE,EE,EL,ES,FR,IE,IT,CY,LV,LT,LU,HR,HU,MT,NL,AT,PL,PT,RO,SI,SK,FI,SE
1,05-01-14,0,0,0,0,0,0,0,104,97,0,0,0,0,0,0,0,0,0,73,0,0,130,0,0,0,0,0
2,12-01-14,0,0,0,0,0,0,0,104,97,0,0,0,0,0,0,0,0,0,75,0,0,130,0,0,0,0,0
3,19-01-14,0,0,0,0,0,0,0,83,97,0,0,85,0,0,0,0,0,0,77,0,0,140,0,0,103,0,0
4,26-01-14,0,0,0,0,0,0,0,83,97,0,0,0,0,0,0,0,0,0,0,0,0,144,0,0,0,0,0
5,02-02-14,0,0,0,0,0,0,0,87,103,0,0,0,0,0,0,0,0,0,0,0,0,145,0,0,0,0,0
6,09-02-14,0,0,0,0,0,0,0,88,103,0,0,0,0,0,0,0,0,0,0,0,0,145,0,0,0,0,0
7,16-02-14,0,0,80,0,0,0,0,88,103,0,0,0,0,0,0,0,0,0,0,0,0,145,0,0,111,0,0
8,23-02-14,0,0,0,0,0,0,0,90,104,0,0,50,0,0,0,0,0,0,78,0,0,155,0,0,111,0,0
9,02-03-14,0,0,0,0,0,0,0,86,104,0,0,0,0,0,0,0,0,0,0,0,0,155,0,0,111,0,0
10,09-03-14,0,0,90,0,0,0,0,88,104,0,0,65,0,0,0,0,0,0,88,0,0,155,0,0,119,0,0
11,16-03-14,0,0,0,0,0,0,0,88,103,0,0,0,0,0,0,0,0,0,93,0,0,156,0,0,0,0,0
12,23-03-14,0,0,94,0,0,0,0,84,103,0,0,0,0,0,0,0,0,0,96,0,0,155,0,0,109,0,0
13,30-03-14,0,0,0,0,0,0,0,90,104,0,0,90,0,0,0,0,0,0,95,0,0,155,0,0,111,0,0
14,06-04-14,0,0,102,0,0,0,0,92,104,0,0,90,0,0,0,0,0,0,92,0,0,155,0,0,111,0,0
15,13-04-14,0,0,0,0,0,0,0,94,104,0,0,90,0,0,0,0,0,0,90,0,0,155,0,0,109,0,0
16,20-04-14,0,0,0,0,0,0,0,92,104,0,0,120,0,0,0,0,0,0,87,0,0,155,0,0,109,0,0
17,27-04-14,0,0,0,0,0,0,0,93,104,0,0,95,0,0,0,0,0,0,78,0,0,155,0,0,109,0,0
18,04-05-14,0,0,0,0,0,0,0,93,104,0,0,0,0,0,0,0,100,0,78,0,0,100,0,0,0,0,0
19,11-05-14,0,0,79,0,0,0,0,92,102,0,0,100,0,0,0,0,0,0,78,0,0,155,0,0,111,0,0
20,18-05-14,0,0,69,0,0,0,0,93,102,0,0,0,0,0,0,0,0,0,75,0,0,122,0,0,89,0,0
21,25-05-14,0,0,76,0,0,0,0,96,101,0,0,0,0,0,0,0,0,0,71,0,0,88,0,0,111,0,0
22,01-06-14,0,0,71,0,0,0,0,97,100,0,0,0,0,0,0,0,0,0,73,0,0,75,0,0,111,0,0
23,08-06-14,0,0,0,0,0,0,0,94,100,0,0,0,0,0,0,0,0,0,67,0,0,70,0,0,0,0,0
24,15-06-14,0,0,0,0,0,0,0,93,98,0,0,0,0,0,0,0,0,0,65,0,0,70,0,0,0,0,0
25,22-06-14,0,0,66,0,0,0,0,94,97,0,0,0,0,0,0,0,0,0,60,0,0,70,0,0,0,0,0
26,29-06-14,0,0,69,0,0,0,0,93,94,0,0,0,0,0,0,0,0,0,0,0,0,70,0,0,106,0,0
27,06-07-14,0,0,61,0,0,0,0,89,94,0,0,0,0,0,0,0,0,0,59,0,0,67,0,0,111,0,0
28,13-07-14,0,0,57,0,0,0,0,86,94,0,0,0,0,0,0,0,0,0,62,0,0,67,0,0,0,0,0
29,20-07-14,0,0,0,0,0,0,0,91,94,0,0,0,0,0,0,0,0,0,0,0,0,67,0,0,0,0,0
30,27-07-14,0,0,0,0,0,0,0,90,93,0,0,0,0,0,0,0,0,0,0,0,0,67,0,0,0,0,0
31,03-08-14,0,0,0,0,0,0,0,80,93,0,0,0,0,0,0,0,0,0,0,0,0,67,0,0,0,0,0
32,10-08-14,0,0,63,0,0,0,0,87,95,0,0,0,0,0,0,0,0,0,0,0,0,67,0,0,111,0,0
33,17-08-14,0,0,75,0,0,0,0,90,95,0,0,0,0,0,0,0,0,0,72,0,0,67,0,0,95,0,0
34,24-08-14,0,0,76,0,0,0,0,102,101,0,0,0,0,0,0,0,0,0,73,0,0,67,0,0,0,0,0
35,31-08-14,0,0,72,0,0,0,0,103,102,0,0,0,0,0,0,0,0,0,74,0,0,75,0,0,0,0,0
36,07-09-14,0,0,76,0,0,0,0,111,102,0,0,0,0,0,0,0,0,0,82,0,0,75,0,0,78,0,0
37,14-09-14,0,0,83,0,0,0,0,124,103,0,0,100,0,0,0,0,86,0,82,0,0,67,0,0,79,0,0
38,21-09-14,0,0,86,0,0,0,0,118,104,0,0,100,0,0,0,0,87,0,86,0,0,86,0,0,0,0,0
39,28-09-14,0,0,84,0,0,0,0,118,107,0,0,0,0,0,0,0,86,0,81,0,0,92,0,0,0,0,0
40,05-10-14,0,0,0,0,0,0,0,126,107,0,0,100,0,0,0,0,0,0,77,0,0,92,0,0,0,0,0
41,12-10-14,0,0,83,0,0,0,0,122,107,0,0,100,0,0,0,0,0,0,77,0,0,92,0,0,0,0,0
42,19-10-14,0,0,82,0,0,0,0,121,104,0,0,100,0,0,0,0,0,0,0,0,0,92,0,0,0,0,0
43,26-10-14,0,0,78,0,0,0,0,121,103,0,0,0,0,0,0,0,0,0,71,0,0,92,0,0,0,0,0
44,02-11-14,0,0,78,0,0,0,0,121,103,0,0,0,0,0,0,0,0,0,72,0,0,92,0,0,0,0,0
45,09-11-14,0,0,75,0,0,0,0,125,103,0,0,0,0,0,0,0,0,0,73,0,0,92,0,0,0,0,0
46,16-11-14,0,0,75,0,0,0,0,122,103,0,0,85,0,0,0,0,0,0,70,0,0,100,0,0,0,0,0
47,23-11-14,0,0,75,0,0,0,0,125,103,0,0,0,0,0,0,0,0,0,65,0,0,105,0,0,0,0,0
48,30-11-14,0,0,71,0,0,0,0,122,103,0,0,0,0,0,0,0,0,0,67,0,0,115,0,0,0,0,0
49,07-12-14,0,0,81,0,0,0,0,123,103,0,0,0,0,0,0,0,64,0,70,0,0,125,0,0,0,0,0
50,14-12-14,0,0,0,0,0,0,0,117,103,0,0,0,0,0,0,0,0,0,0,0,0,135,0,0,0,0,0
51,21-12-14,0,0,0,0,0,0,0,117,103,0,0,0,0,0,0,0,0,0,0,0,0,135,0,0,0,0,0
52,28-12-14,0,0,0,0,0,0,0,117,103,0,0,0,0,0,0,0,0,0,0,0,0,135,0,0,0,0,0
1,04-01-15,0,0,0,0,0,0,0,117,103,0,0,0,0,0,0,0,0,0,0,0,0,135,0,0,0,0,0
2,11-01-15,0,0,0,0,0,0,0,109,103,0,0,0,0,0,0,0,0,0,0,0,0,135,0,0,0,0,0
3,18-01-15,0,0,74,0,0,0,0,107,104,0,0,0,0,0,0,0,0,0,73,0,0,150,0,0,0,0,0
4,25-01-15,0,0,82,0,0,0,0,114,107,0,0,80,0,0,0,0,0,0,78,0,0,150,0,0,0,0,0
5,01-02-15,0,0,88,0,0,0,0,113,109,0,0,0,0,0,0,0,0,0,78,0,0,160,0,0,0,0,0
6,08-02-15,0,0,92,0,0,0,0,118,110,0,0,0,0,0,0,0,0,0,95,0,0,160,0,0,0,0,0
7,15-02-15,0,0,96,0,0,0,0,114,112,0,0,0,0,0,0,0,0,0,95,0,0,85,0,0,0,0,0
8,22-02-15,0,0,109,0,0,0,0,115,112,0,0,0,0,0,0,0,0,0,98,0,0,160,0,0,0,0,0
9,01-03-15,0,0,108,0,0,0,0,115,110,0,0,0,0,0,0,0,0,0,96,0,0,160,0,0,0,0,0
10,08-03-15,0,0,106,0,0,0,0,113,111,0,0,0,0,0,0,0,0,0,94,0,0,160,0,0,0,0,0
11,15-03-15,0,0,105,0,0,0,0,113,111,0,0,0,0,0,0,0,0,0,95,0,0,160,0,0,0,0,0
12,22-03-15,0,0,105,0,0,0,0,99,112,0,0,0,0,0,0,0,0,0,93,0,0,160,0,0,0,0,0
13,29-03-15,0,0,100,0,0,0,0,109,112,0,0,0,0,0,0,0,0,0,94,0,0,160,0,0,0,0,0
14,05-04-15,0,0,101,0,0,0,0,98,114,0,0,80,0,0,0,0,0,0,95,0,0,160,0,0,0,0,0
15,12-04-15,0,0,95,0,0,0,0,99,116,0,0,0,0,0,0,0,0,0,93,0,0,160,0,0,0,0,0
16,19-04-15,0,0,83,0,0,0,0,94,116,0,0,0,0,0,0,0,0,0,80,0,0,160,0,0,0,0,0
17,26-04-15,0,0,93,0,0,0,0,85,113,0,0,120,0,0,0,0,0,0,84,0,0,160,0,0,0,0,0
18,03-05-15,0,0,87,0,0,0,0,85,111,0,0,120,0,0,0,0,0,0,84,0,0,160,0,0,0,0,0
19,10-05-15,0,0,83,0,0,0,0,87,107,0,0,0,0,0,0,0,0,0,65,0,0,160,0,0,0,0,0
20,17-05-15,0,0,82,0,0,0,0,87,107,0,0,0,0,0,0,0,0,0,70,0,0,160,0,0,0,0,0
21,24-05-15,0,0,80,0,0,0,0,87,111,0,0,0,0,0,0,0,0,0,74,0,0,158,0,0,0,0,0
22,31-05-15,0,0,79,0,0,0,0,86,110,0,0,0,0,0,0,0,0,0,78,0,0,130,0,0,0,0,0
23,07-06-15,0,0,83,0,0,0,0,87,108,0,0,90,0,0,0,0,0,0,80,0,0,115,0,0,0,0,0
24,14-06-15,0,0,85,0,0,0,0,84,107,0,0,0,0,0,0,0,0,0,80,0,0,85,0,0,0,0,0
25,21-06-15,0,0,84,0,0,0,0,84,106,0,0,80,0,0,0,0,0,0,80,0,0,80,0,0,0,0,0
26,28-06-15,0,0,87,0,0,0,0,82,106,0,0,0,0,0,0,0,0,0,72,0,0,78,0,0,0,0,0
27,05-07-15,0,0,82,0,0,0,0,81,107,0,0,0,0,0,0,0,0,0,71,0,0,70,0,0,0,0,0
28,12-07-15,0,0,77,0,0,0,0,81,103,0,0,0,0,0,0,0,0,0,70,0,0,70,0,0,0,0,0
29,19-07-15,0,0,76,0,0,0,0,83,102,0,0,0,0,0,0,0,0,0,61,0,0,70,0,0,0,0,0
30,26-07-15,0,0,72,0,0,0,0,85,101,0,0,0,0,0,0,0,0,0,62,0,0,68,0,0,0,0,0
31,02-08-15,0,0,68,0,0,0,0,82,102,0,0,0,0,0,0,0,0,0,59,0,0,68,0,0,0,0,0
32,09-08-15,0,0,67,0,0,0,0,89,102,0,0,0,0,0,0,0,0,0,45,0,0,69,0,0,0,0,0
33,16-08-15,0,0,66,0,0,0,0,89,102,0,0,0,0,0,0,0,0,0,44,0,0,67,0,0,0,0,0
34,23-08-15,0,0,65,0,0,0,0,76,101,0,0,0,0,0,0,0,0,0,44,0,0,65,0,0,0,0,0
35,30-08-15,0,0,69,0,0,0,0,81,101,0,0,0,0,0,0,0,0,0,70,0,0,65,0,0,0,0,0
36,06-09-15,0,0,69,0,0,0,0,85,102,0,0,160,0,0,0,0,0,0,72,0,0,65,0,0,0,0,0
37,13-09-15,0,0,69,0,0,0,0,86,102,0,0,150,0,0,0,0,0,0,71,0,0,65,0,0,0,0,0
38,20-09-15,0,0,84,0,0,0,0,94,103,0,0,0,0,0,0,0,0,0,78,0,0,70,0,0,0,0,0
39,27-09-15,0,0,76,0,0,0,0,100,103,0,0,0,0,0,0,0,0,0,71,0,0,85,0,0,0,0,0
40,04-10-15,0,0,83,0,0,0,0,107,103,0,0,150,0,0,0,0,0,0,70,0,0,95,0,0,0,0,0
41,11-10-15,0,0,79,0,0,0,0,102,103,0,0,0,0,0,0,0,0,0,70,0,0,95,0,0,0,0,0
42,18-10-15,0,0,69,0,0,0,0,102,103,0,0,90,0,0,0,0,0,0,70,0,0,95,0,0,0,0,0
43,25-10-15,0,0,71,0,0,0,0,118,103,0,0,90,0,0,0,0,0,0,59,0,0,94,0,0,0,0,0
44,01-11-15,0,0,72,0,0,0,0,117,103,0,0,95,0,0,0,0,0,0,57,0,0,94,0,0,0,0,0
45,08-11-15,0,0,72,0,0,0,0,125,101,0,0,90,0,0,0,0,0,0,59,0,0,92,0,0,0,0,0
46,15-11-15,0,0,68,0,0,86,0,127,99,0,0,0,0,0,0,0,0,0,57,0,0,95,0,0,0,0,0
47,22-11-15,0,0,59,0,0,83,0,121,99,0,0,0,0,0,0,0,0,0,61,0,0,110,0,0,0,0,0
48,29-11-15,0,0,0,0,0,80,0,136,99,0,0,85,0,0,0,0,0,0,61,0,0,120,0,0,0,0,0
49,06-12-15,0,0,66,0,0,0,0,140,99,0,0,0,0,0,0,0,0,0,67,0,0,120,0,0,0,0,0
50,13-12-15,0,0,77,0,0,0,0,135,99,0,0,0,0,0,0,0,0,0,65,0,0,120,0,0,0,0,0
51,20-12-15,0,0,70,0,0,0,0,139,99,0,0,90,0,0,0,0,0,0,68,0,0,118,0,0,0,0,0
52,27-12-15,0,0,81,0,0,0,0,140,100,0,0,90,0,0,0,0,0,0,68,0,0,116,0,0,0,0,0
53,03-01-16,0,0,80,0,0,0,0,138,100,0,0,78,0,0,0,0,0,0,69,0,0,140,0,0,0,0,0
1,10-01-16,0,0,75,0,0,0,0,114,100,0,0,75,0,0,0,0,0,0,82,0,0,148,0,0,0,0,0
2,17-01-16,0,0,79,0,0,0,0,96,103,0,0,70,0,0,0,0,0,0,89,0,0,160,0,0,0,0,0
3,24-01-16,0,0,79,0,0,0,0,96,103,0,0,0,0,0,0,0,0,0,89,0,0,160,0,0,0,0,0
4,31-01-16,0,0,96,0,0,0,0,93,109,0,0,65,0,0,0,0,0,0,85,0,0,160,0,0,0,0,0
5,07-02-16,0,0,103,0,0,0,0,96,109,0,0,63,0,0,0,0,0,0,92,0,0,160,0,0,0,0,0
6,14-02-16,0,0,103,0,0,0,0,94,113,0,0,65,0,0,0,0,0,0,92,0,0,160,0,0,0,0,0
7,21-02-16,0,0,97,0,0,0,0,94,113,0,0,0,0,0,0,0,0,0,89,0,0,160,0,0,0,0,0
8,28-02-16,0,0,97,0,0,0,0,94,113,0,0,0,0,0,0,0,0,0,89,0,0,160,0,0,0,0,0
9,06-03-16,0,0,101,0,0,0,0,91,112,0,0,0,0,0,0,0,0,0,90,0,0,160,0,0,0,0,0
10,13-03-16,0,0,96,0,0,0,0,95,112,0,0,0,0,0,0,0,0,0,93,0,0,165,0,0,0,0,0
11,20-03-16,0,0,103,0,0,0,0,94,113,0,0,0,0,0,0,0,0,0,90,0,0,165,0,0,0,0,0
12,27-03-16,0,0,101,0,0,0,0,85,114,0,0,65,0,0,0,0,0,0,92,0,0,165,0,0,0,0,0
13,03-04-16,0,0,101,0,0,0,0,93,113,0,0,0,0,0,0,0,0,0,89,0,0,165,0,0,0,0,0
14,10-04-16,0,0,94,0,0,0,0,92,113,0,0,0,0,0,0,0,0,0,84,0,0,165,0,0,0,0,0
15,17-04-16,0,0,94,0,0,0,0,95,113,0,0,85,0,0,0,0,0,0,81,0,0,165,0,0,0,0,0
16,24-04-16,0,0,94,0,0,0,0,91,113,0,0,0,0,0,0,0,0,0,81,0,0,165,0,0,0,0,0
17,01-05-16,0,0,94,0,0,0,0,93,113,0,0,0,0,0,0,0,0,0,81,0,0,165,0,0,0,0,0
18,08-05-16,0,0,87,0,0,0,0,95,113,0,0,125,0,0,0,0,0,0,81,0,0,165,0,0,0,0,0
19,15-05-16,0,0,91,0,0,0,0,88,113,0,0,0,0,0,0,0,0,0,81,0,0,160,0,0,95,0,0
20,22-05-16,0,0,89,0,0,0,0,83,113,0,0,0,0,0,0,0,0,0,82,0,0,155,0,0,0,0,0
21,29-05-16,0,0,90,0,0,0,0,87,113,0,0,0,0,0,0,0,0,0,83,0,0,155,0,0,0,0,0
22,05-06-16,0,0,88,0,0,0,0,88,113,0,0,0,0,0,0,0,0,0,84,0,0,155,0,0,0,0,0
23,12-06-16,0,0,87,0,0,0,0,86,112,0,0,0,0,0,0,0,0,0,83,0,0,140,0,0,0,0,0
24,19-06-16,0,0,91,0,0,0,0,88,112,0,0,0,0,0,0,0,0,0,84,0,0,119,0,0,0,160,0
25,26-06-16,0,0,91,0,0,0,0,87,111,0,0,0,0,0,0,0,0,0,85,0,0,100,0,0,0,0,0
26,03-07-16,0,0,87,0,0,0,0,83,110,0,0,0,0,0,0,0,0,0,80,0,0,90,0,0,0,0,0
27,10-07-16,0,0,89,0,0,0,0,86,107,0,0,0,0,0,0,0,0,0,80,0,0,85,0,0,102,0,0
28,17-07-16,0,0,86,0,0,0,0,88,107,0,0,0,0,0,0,0,0,0,78,0,0,80,0,0,0,0,0
29,24-07-16,0,0,82,0,0,0,0,75,104,0,0,0,0,0,0,0,0,0,75,0,0,80,0,0,0,0,0
30,31-07-16,0,0,83,0,0,0,0,89,103,0,0,0,0,0,0,0,0,0,75,0,0,80,0,0,0,0,0
31,07-08-16,0,0,75,0,0,0,0,88,104,0,0,0,0,0,0,0,0,0,70,0,0,75,0,0,0,0,0
32,14-08-16,0,0,75,0,0,0,0,77,106,0,0,0,0,0,0,0,0,0,70,0,0,75,0,0,0,0,0
33,21-08-16,0,0,76,0,0,0,0,73,107,0,0,0,0,0,0,0,0,0,70,0,0,75,0,0,80,0,0
34,28-08-16,0,0,76,0,0,0,0,81,106,0,0,0,0,0,0,0,0,0,70,0,0,73,0,0,0,0,0
35,04-09-16,0,0,76,0,0,0,0,84,106,0,0,0,0,0,0,0,0,0,70,0,0,70,0,0,0,0,0
36,11-09-16,0,0,75,0,0,0,0,79,107,0,0,0,0,0,0,0,0,0,67,0,0,70,0,0,0,0,0
37,18-09-16,0,0,74,0,0,0,0,86,105,0,0,0,0,0,0,0,0,0,68,0,0,70,0,0,0,0,0
38,25-09-16,0,0,72,0,0,0,0,86,106,0,0,0,0,0,0,0,0,0,62,0,0,70,0,0,0,0,0
39,02-10-16,0,0,65,0,0,0,0,86,104,0,0,75,0,0,0,0,0,0,65,0,0,70,0,0,0,0,0
40,09-10-16,0,0,64,0,0,0,0,92,103,0,0,0,0,0,0,0,0,0,68,0,0,70,0,0,0,0,0
41,16-10-16,0,0,62,0,0,0,0,98,105,0,0,0,0,0,0,0,0,0,68,0,0,75,0,0,0,0,0
42,23-10-16,0,0,71,0,0,0,0,98,105,0,0,70,0,0,0,0,0,0,65,0,0,75,0,0,0,0,0
43,30-10-16,0,0,68,0,0,0,0,90,106,0,0,0,0,0,0,0,0,0,65,0,0,75,0,0,0,0,0
44,06-11-16,0,0,64,0,0,0,0,92,106,0,0,0,0,0,0,0,0,0,65,0,0,80,0,0,0,0,0
45,13-11-16,0,0,0,0,0,0,0,99,106,0,0,0,0,0,0,0,0,0,0,0,0,89,0,0,0,0,0
46,20-11-16,0,0,63,0,0,0,0,108,106,0,0,0,0,0,0,0,0,0,65,0,0,93,0,0,0,0,0
47,27-11-16,0,0,0,0,0,0,0,107,106,0,0,65,0,0,0,0,0,0,65,0,0,105,0,0,0,0,0
48,04-12-16,0,0,0,0,0,0,0,105,106,0,0,65,0,0,0,0,0,0,61,0,0,115,0,0,0,0,0
49,11-12-16,0,0,62,0,0,0,0,118,106,0,0,0,0,0,0,0,0,0,61,0,0,115,0,0,0,0,0
50,18-12-16,0,0,61,0,0,0,0,113,106,0,0,65,0,0,0,0,0,0,61,0,0,125,0,0,0,0,0
51,25-12-16,0,0,0,0,0,0,0,112,106,0,0,0,0,0,0,0,0,0,65,0,0,135,0,0,0,0,0
52,01-01-17,0,0,60,0,0,0,0,100,106,0,0,0,0,0,0,0,0,0,65,0,0,145,0,0,0,0,0
1,08-01-17,0,0,64,0,0,0,0,100,105,0,0,0,0,0,0,0,0,0,65,0,0,155,0,0,0,0,0
2,15-01-17,0,0,65,0,0,0,0,100,106,0,0,60,0,0,0,0,0,0,70,0,0,165,0,0,0,0,0
3,22-01-17,0,0,67,0,0,0,0,103,112,0,0,60,0,0,0,0,0,0,78,0,0,169,0,0,0,0,0
4,29-01-17,0,0,0,0,0,0,0,102,112,0,0,60,0,0,0,0,0,0,78,0,0,165,0,0,0,0,0
5,05-02-17,0,0,0,0,0,0,0,105,112,0,0,60,0,0,0,0,0,0,77,0,0,165,0,0,0,0,0
6,12-02-17,0,0,0,0,0,0,0,104,107,0,0,60,0,0,0,0,0,0,79,0,0,165,0,0,0,0,0
7,19-02-17,0,0,0,0,0,0,0,105,107,0,0,0,0,0,0,0,0,0,79,0,0,168,0,0,0,0,0
8,26-02-17,0,0,0,0,0,0,0,105,107,0,0,0,0,0,0,0,0,0,81,0,0,168,0,0,0,0,0
9,05-03-17,0,0,0,0,0,0,0,100,107,0,0,0,0,0,0,0,0,0,77,0,0,168,0,0,0,0,0
10,12-03-17,0,0,77,0,0,0,0,104,108,0,0,65,0,0,0,0,0,0,79,0,0,170,0,0,0,0,0
11,19-03-17,0,0,80,0,0,0,0,106,108,0,0,85,0,0,0,0,0,0,79,0,0,172,0,0,0,0,0
12,26-03-17,0,0,84,0,0,0,0,106,108,0,0,90,0,0,0,0,0,0,85,0,0,178,0,0,0,0,0
13,02-04-17,0,0,85,0,0,0,0,103,108,0,0,0,0,0,0,0,0,0,85,0,0,176,0,0,0,0,0
14,09-04-17,0,0,89,0,0,0,0,98,109,0,0,0,0,0,0,0,0,0,91,0,0,175,0,0,0,0,0
15,16-04-17,0,0,93,0,0,0,0,96,109,0,0,0,0,0,0,0,0,0,92,0,0,175,0,0,0,0,0
16,23-04-17,0,0,95,0,0,0,0,94,109,0,0,0,0,0,0,0,0,0,93,0,0,175,0,0,0,0,0
17,30-04-17,0,0,98,0,0,0,0,96,109,0,0,100,0,0,0,0,0,0,92,0,0,175,0,0,0,0,0
18,07-05-17,0,0,93,0,0,0,0,98,109,0,0,0,0,0,0,0,0,0,92,0,0,175,0,0,0,0,0
19,14-05-17,0,0,96,0,0,0,0,97,109,0,0,0,0,0,0,0,0,0,91,0,0,175,0,0,0,0,0
20,21-05-17,0,0,100,0,0,0,0,93,109,0,0,0,0,0,0,0,0,0,91,0,0,145,0,0,0,0,0
21,28-05-17,0,0,100,0,0,0,0,97,109,0,0,0,0,0,0,0,0,0,85,0,0,90,0,0,0,0,0
22,04-06-17,0,0,100,0,0,0,0,94,109,0,0,0,0,0,0,0,0,0,82,0,0,90,0,0,0,0,0
23,11-06-17,0,0,94,0,0,0,0,93,107,0,0,0,0,0,0,0,0,0,80,0,0,85,0,0,0,0,0
24,18-06-17,0,0,89,0,0,0,0,92,106,0,0,0,0,0,0,0,0,0,75,0,0,80,0,0,0,0,0
25,25-06-17,0,0,83,0,0,0,0,89,106,0,0,0,0,0,0,0,0,0,55,0,0,75,0,0,0,0,0
26,02-07-17,0,0,78,0,0,0,0,93,104,0,0,0,0,0,0,0,0,0,55,0,0,75,0,0,0,0,0
27,09-07-17,0,0,75,0,0,0,0,92,103,0,0,0,0,0,0,0,0,0,45,0,0,70,0,0,0,0,0
28,16-07-17,0,0,54,0,0,0,0,86,103,0,0,0,0,0,0,0,0,0,50,0,0,65,0,0,103,0,0
29,23-07-17,0,0,53,0,0,0,0,86,103,0,0,0,0,0,0,0,0,0,50,0,0,60,0,0,0,0,0
30,30-07-17,0,0,51,0,0,0,0,79,103,0,0,0,0,0,0,0,0,0,50,0,0,60,0,0,0,0,0
31,06-08-17,0,0,51,0,0,0,0,79,103,0,0,0,0,0,0,0,0,0,50,0,0,60,0,0,0,0,0
32,13-08-17,0,0,51,0,0,0,0,82,103,0,0,0,0,0,0,0,0,0,50,0,0,63,0,0,0,0,0
33,20-08-17,0,0,51,0,0,0,0,87,103,0,0,0,0,0,0,0,0,0,48,0,0,60,0,0,0,0,0
34,27-08-17,0,0,51,0,0,0,0,78,104,0,0,0,0,0,0,0,0,0,47,0,0,61,0,0,0,0,0
35,03-09-17,0,0,51,0,0,0,0,82,104,0,0,0,0,0,0,0,0,0,47,0,0,60,0,0,0,0,0
36,10-09-17,0,0,53,0,0,0,0,88,105,0,0,80,0,0,0,0,0,0,47,0,0,60,0,0,0,0,0
37,17-09-17,0,0,54,0,0,0,0,91,104,0,0,80,0,0,0,0,0,0,53,0,0,60,0,0,0,0,0
38,24-09-17,0,0,58,0,0,0,0,87,105,0,0,80,0,0,0,0,0,0,63,0,0,70,0,0,0,0,0
39,01-10-17,0,0,0,0,0,0,0,86,106,0,0,0,0,0,0,0,0,0,0,0,0,75,0,0,0,0,0
40,08-10-17,0,0,72,0,0,0,0,105,106,0,0,0,0,0,0,0,0,0,67,0,0,89,0,0,0,0,0
41,15-10-17,0,0,0,0,0,0,0,114,105,0,0,80,0,0,0,0,0,0,67,0,0,90,0,0,0,0,0
42,22-10-17,0,0,0,0,0,0,0,114,112,0,0,0,0,0,0,0,0,0,68,0,0,100,0,0,0,0,0
43,29-10-17,0,0,0,0,0,0,0,110,111,0,0,80,0,0,0,0,0,0,65,0,0,100,0,0,0,0,0
44,05-11-17,0,0,0,0,0,0,0,112,110,0,0,0,0,0,0,0,0,0,64,0,0,100,0,0,0,0,0
45,12-11-17,0,0,0,0,0,0,0,105,110,0,0,80,0,0,0,0,0,0,64,0,0,100,0,0,0,0,0
46,19-11-17,0,0,0,0,0,0,0,107,110,0,0,0,0,0,0,0,0,0,67,0,0,110,0,0,0,0,0
47,26-11-17,0,0,0,0,0,0,0,99,110,0,0,80,0,0,0,0,0,0,71,0,0,120,0,0,0,0,0
48,03-12-17,0,0,0,0,0,0,0,103,110,0,0,80,0,0,0,0,0,0,77,0,0,120,0,0,0,0,0
49,10-12-17,0,0,0,0,0,0,0,85,110,0,0,0,0,0,0,0,0,0,0,0,0,120,0,0,0,0,0
50,17-12-17,0,0,0,0,0,0,0,100,115,0,0,80,0,0,0,0,0,0,78,0,0,130,0,0,0,0,0
51,24-12-17,0,0,0,0,0,0,0,99,115,0,0,0,0,0,0,0,0,0,78,0,0,120,0,0,0,0,0
52,31-12-17,0,0,0,0,0,0,0,99,115,0,0,0,0,0,0,0,0,0,78,0,0,130,0,0,0,0,0
1,07-01-18,0,0,0,0,0,0,0,99,115,0,0,0,0,0,0,0,0,0,81,0,0,170,0,0,0,0,0
2,14-01-18,0,0,0,0,0,0,0,87,115,0,0,0,0,0,0,0,0,0,95,0,0,170,0,0,0,0,0
3,21-01-18,0,0,0,0,0,0,0,93,118,0,0,0,0,0,0,0,0,0,93,0,0,170,0,0,0,0,0
4,28-01-18,0,0,0,0,0,0,0,94,118,0,0,0,0,0,0,0,0,0,99,0,0,170,0,0,0,0,0
5,04-02-18,0,0,0,0,0,0,0,91,118,0,0,0,0,0,0,0,0,0,106,0,0,170,0,0,0,0,0
6,11-02-18,0,0,0,0,0,0,0,89,118,0,0,0,0,0,0,0,0,0,103,0,0,170,0,0,0,0,0
7,18-02-18,0,0,0,0,0,0,0,92,118,0,0,78,0,0,0,0,0,0,102,0,0,170,0,0,0,0,0
8,25-02-18,0,0,0,0,0,0,0,88,117,0,0,0,0,0,0,0,0,0,102,0,0,170,0,0,0,0,0
9,04-03-18,0,0,0,0,0,0,0,92,117,0,0,0,0,0,0,0,0,0,102,0,0,170,0,0,0,0,0
10,11-03-18,0,0,0,0,0,0,0,92,116,0,0,0,0,0,0,0,0,0,97,0,0,170,0,0,0,0,0
11,18-03-18,0,0,0,0,0,0,0,92,117,0,0,0,0,0,0,0,0,0,95,0,0,170,0,0,0,0,0
12,25-03-18,0,0,0,0,0,0,0,102,117,0,0,0,0,0,0,0,0,0,97,0,0,170,0,0,0,0,0
13,01-04-18,0,0,0,0,0,0,0,93,115,0,0,0,0,0,0,0,0,0,95,0,0,170,0,0,0,0,0
14,08-04-18,0,0,0,0,0,0,0,94,114,0,0,0,0,0,0,0,0,0,80,0,0,170,0,0,0,0,0
15,15-04-18,0,0,0,0,0,0,0,104,113,0,0,0,0,0,0,0,0,0,80,0,0,170,0,0,0,0,0
16,22-04-18,0,0,0,0,0,0,0,112,112,0,0,0,0,0,0,0,0,0,64,0,0,170,0,0,0,0,0
17,29-04-18,0,0,0,0,0,0,0,108,111,0,0,0,0,0,0,0,0,0,0,0,0,170,0,0,0,0,0
18,06-05-18,0,0,0,0,0,0,0,107,109,0,0,0,0,0,0,0,0,0,0,0,0,170,0,0,0,0,0
19,13-05-18,0,0,0,0,0,0,0,105,109,0,0,0,0,0,0,0,0,0,0,0,0,170,0,0,0,0,0
20,20-05-18,0,0,0,0,0,0,0,125,108,0,0,0,0,0,0,0,0,0,0,0,0,170,0,0,0,0,0
21,27-05-18,0,0,62,0,0,0,0,129,108,0,0,0,0,0,0,0,0,0,64,0,0,170,0,0,0,0,0
22,03-06-18,0,0,61,0,0,0,0,152,108,0,0,0,0,0,0,0,0,0,64,0,0,170,0,0,0,0,0
23,10-06-18,0,0,52,0,0,0,0,142,106,0,0,0,0,0,0,0,0,0,59,0,0,170,0,0,0,0,0
24,17-06-18,0,0,48,0,0,0,0,161,105,0,0,0,0,0,0,0,0,0,59,0,0,170,0,0,0,0,0
25,24-06-18,0,0,61,0,0,0,0,150,104,0,0,0,0,0,0,0,0,0,59,0,0,170,0,0,0,0,0
26,01-07-18,0,0,57,0,0,84,0,147,102,0,0,0,42,0,0,0,0,0,53,0,0,170,0,0,0,0,0
27,08-07-18,0,0,57,0,0,84,0,150,102,0,0,0,42,0,0,0,0,0,53,0,0,170,0,0,0,0,0
28,15-07-18,0,0,60,0,0,0,0,144,102,0,0,0,0,0,0,0,0,0,0,0,0,170,0,0,0,0,0
29,22-07-18,0,0,65,0,0,0,0,139,100,0,0,0,60,0,0,0,0,0,0,0,0,170,0,0,0,0,0
30,29-07-18,0,0,64,0,0,0,0,149,99,0,0,0,0,0,0,0,0,0,58,0,0,170,0,0,0,0,0
31,05-08-18,0,0,67,0,0,0,0,129,100,0,0,0,0,0,0,0,0,0,59,0,0,170,0,0,0,0,0
32,12-08-18,0,0,69,0,0,0,0,144,98,0,0,0,0,0,0,0,0,0,59,0,0,170,0,0,0,0,0
33,19-08-18,0,0,71,0,0,0,0,141,102,0,0,60,0,0,0,0,0,0,58,0,0,170,0,0,0,0,0
34,26-08-18,0,0,72,0,0,0,0,141,102,0,0,0,0,0,0,0,0,0,67,0,0,160,0,0,0,0,0
35,02-09-18,0,0,76,0,0,0,0,139,105,0,0,80,0,0,0,0,0,0,70,0,0,160,0,0,0,0,0
36,09-09-18,0,0,0,0,0,0,0,145,104,0,0,80,0,0,0,0,0,0,60,0,0,140,0,0,0,0,0
37,16-09-18,0,0,0,0,0,0,0,136,103,0,0,80,0,0,0,0,0,0,64,0,0,140,0,0,0,0,0
38,23-09-18,0,0,0,0,0,0,0,129,103,0,0,0,0,0,0,0,0,0,68,0,0,138,0,0,0,0,0
39,30-09-18,0,0,0,0,0,0,0,129,103,0,0,0,0,0,0,0,0,0,68,0,0,138,0,0,0,0,0
40,07-10-18,0,0,0,0,0,0,0,112,103,0,0,0,0,0,0,0,0,0,61,0,0,135,0,0,0,0,0
41,14-10-18,0,0,0,0,218,0,0,123,103,0,0,0,0,0,0,0,0,0,62,0,0,135,0,0,0,0,0
42,21-10-18,0,0,0,0,216,0,0,124,103,0,0,0,0,0,0,0,0,0,62,0,0,135,0,0,0,0,0
43,28-10-18,0,0,0,0,0,0,0,119,103,0,0,75,0,0,0,0,0,0,54,0,0,145,0,0,0,0,0
44,04-11-18,0,0,0,0,0,0,0,121,103,0,0,0,0,0,0,0,0,0,56,0,0,145,0,0,0,0,0
45,11-11-18,0,0,0,0,0,0,0,118,103,0,0,0,0,0,0,0,0,0,56,0,0,165,0,0,0,0,0
46,18-11-18,0,0,0,0,0,,,114,103,0,0,0,0,0,0,0,0,0,53,0,0,165,0,0,0,0,0
47,25-11-18,0,0,58,0,0,,,110,103,0,0,0,0,0,0,0,0,0,59,0,0,163,0,0,0,0,0
48,02-12-18,0,0,60,0,0,,,104,103,0,0,75,0,0,0,0,0,0,64,0,0,165,0,0,0,0,0
49,09-12-18,0,0,60,0,0,,,104,103,0,0,75,0,0,0,0,0,0,64,0,0,165,0,0,0,0,0
50,16-12-18,0,0,0,0,0,,,110,103,0,0,0,0,0,0,0,0,0,0,0,0,173,0,0,0,0,0
51,23-12-18,0,0,0,0,0,,,110,103,0,0,60,0,0,0,0,0,0,0,0,0,173,0,0,0,0,0
52,30-12-18,0,0,0,0,0,,,110,103,0,0,60,0,0,0,0,0,0,61,0,0,173,0,0,0,0,0
1,06-01-19,0,0,0,0,0,,,,103,0,0,0,0,0,0,0,0,0,0,0,0,172,0,0,0,0,0
2,13-01-19,0,0,0,0,0,0,0,,103,0,0,60,0,0,0,0,0,0,67,0,0,172,0,0,0,0,0
3,20-01-19,0,0,0,0,0,0,0,,107,0,0,57,0,0,0,0,0,0,67,0,0,180,0,0,0,0,0
4,27-01-19,0,0,0,0,0,0,0,,109,0,0,57,0,0,0,0,0,0,0,0,0,180,0,0,0,0,0
5,03-02-19,0,0,0,0,0,0,0,,110,0,0,55,0,0,0,0,0,0,0,0,0,180,0,0,0,0,0
6,10-02-19,0,0,0,0,0,0,0,,110,0,0,55,0,0,0,0,0,0,77,0,0,180,0,0,0,0,0
7,17-02-19,0,0,0,0,0,0,0,,108,0,0,0,0,0,0,0,0,0,81,0,0,180,0,0,0,0,0
8,24-02-19,0,0,0,0,0,0,0,,108,0,0,0,0,0,0,0,0,0,0,0,0,180,0,0,0,0,0
9,03-03-19,0,0,0,0,0,0,0,,109,0,0,0,0,0,0,0,0,0,0,0,0,180,0,0,0,0,0
10,10-03-19,0,0,0,0,0,0,0,,111,0,0,0,0,0,0,0,0,0,0,0,0,180,0,0,0,0,0
11,17-03-19,0,0,0,0,0,0,0,,115,0,0,60,0,0,0,0,0,0,0,0,0,180,0,0,0,0,0
12,24-03-19,0,0,0,0,0,0,0,123,117,0,0,80,0,0,0,0,0,0,93,0,0,180,0,0,0,0,0
13,31-03-19,,,,,,,,118,117,,,100,,,,,,,85,,,180,,,,,
14,07-04-19,,,,,,,,92,117,,,100,,,,,,,86,,,180,,,,,
15,14-04-19,,,,,,,,100,117,,,100,,,,,,,77,,,180,0,0,0,0,0
16,21-04-19,,,,,,,,98,117,,,120,,,,,,,77,,,178,,,,,
17,28-04-19,,,,,,,,93,115,,,120,,,,,,,75,,,178,,,,,
18,05-05-19,,,,,,,,93,113,,,120,,,,,,,75,,,178,,,,,
19,12-05-19,,,,,,,,97,112,,,120,,,,,,,74,,,178,,,,,
20,19-05-19,,,,,,,,113,112,,,,,,,,94,,77,,,178,,,,,
21,26-05-19,,,,,,,,111,112,,,,,,,,,,0,,,178,,,,,
22,02-06-19,,,,,,,,103,112,0,0,0,,,,,,,77,0,0,175,,,,,
23,09-06-19,,,,,,,,97,112,0,0,0,0,0,0,0,0,0,79,0,0,115,,,,,
24,16-06-19,0,0,0,0,0,0,0,95,112,0,0,0,0,0,0,0,0,0,0,0,0,115,0,0,0,0,0
25,23-06-19,0,0,0,0,0,0,0,90,112,0,0,0,0,0,0,0,0,0,0,0,0,80,0,0,0,0,0
26,30-06-19,0,0,0,0,0,0,0,90,110,0,0,0,0,0,0,0,0,0,0,0,0,80,0,0,0,0,0
27,07-07-19,0,0,77,0,0,0,0,95,110,0,0,0,0,0,0,0,0,0,67,0,0,71,0,0,0,0,0
28,14-07-19,0,0,0,0,0,0,0,100,112,0,0,0,0,0,0,0,0,0,66,0,0,71,0,0,0,0,0
29,21-07-19,0,0,0,0,0,0,0,99,112,0,0,0,0,0,0,0,0,0,0,0,0,71,0,0,0,0,0
30,28-07-19,0,0,0,0,0,0,0,98,112,0,0,0,0,0,0,0,0,0,0,0,0,71,0,0,0,0,0
31,04-08-19,0,0,68,0,0,0,0,96,108,0,0,0,0,0,0,0,0,0,61,0,0,71,0,0,0,0,0
32,11-08-19,0,0,64,0,0,0,0,90,113,0,0,0,0,0,0,0,0,0,0,0,0,71,0,0,0,0,0
33,18-08-19,0,0,0,0,0,0,0,83,112,0,0,0,0,0,0,0,0,0,61,0,0,71,0,0,0,0,0
34,25-08-19,0,0,0,0,0,0,0,86,110,0,0,0,0,0,0,0,0,0,61,0,0,75,0,0,0,0,0
35,01-09-19,0,0,0,0,0,0,0,100,111,0,0,0,0,0,0,0,0,0,0,0,0,75,0,0,0,0,0
36,08-09-19,0,0,0,0,0,0,0,112,112,0,0,0,0,0,0,0,0,0,72,0,0,75,0,0,0,0,0
37,15-09-19,0,0,0,0,0,0,0,123,112,0,0,0,0,0,0,0,0,0,0,0,0,75,0,0,0,0,0
38,22-09-19,0,0,0,0,0,0,0,150,112,0,0,0,0,0,0,0,0,0,76,0,0,75,0,0,0,0,0
39,29-09-19,0,0,92,0,0,0,0,150,111,0,0,0,0,0,0,0,0,0,70,0,0,90,0,0,0,0,0
40,06-10-19,0,0,93,0,0,0,0,195,112,0,0,0,0,0,0,0,0,0,69,0,0,105,0,0,0,0,0
41,13-10-19,0,0,0,0,0,0,0,210,113,0,0,0,0,0,0,0,0,0,73,0,0,140,0,0,0,0,0
42,20-10-19,0,0,0,0,0,0,0,206,113,0,0,0,0,0,0,0,0,0,66,0,0,140,0,0,0,0,0
43,27-10-19,0,0,0,0,0,0,0,205,113,0,0,0,0,0,0,0,0,0,61,0,0,144,0,0,0,0,0
44,03-11-19,0,0,0,0,0,0,0,204,112,0,0,0,0,0,0,0,0,0,70,0,0,159,0,0,0,0,0
45,10-11-19,0,0,0,0,0,0,0,210,112,0,0,0,0,0,0,0,0,0,71,0,0,159,0,0,0,0,0
46,17-11-19,0,0,0,0,0,0,0,210,112,0,0,0,0,0,0,0,0,0,78,0,0,159,0,0,0,0,0
47,24-11-19,0,0,0,0,0,0,0,202,114,0,0,0,0,0,0,0,0,0,0,0,0,159,0,0,0,0,0
48,01-12-19,0,0,0,0,0,0,0,178,112,0,0,0,0,0,0,0,0,0,0,0,0,159,0,0,0,0,0
49,08-12-19,0,0,0,0,0,0,0,166,113,0,0,0,0,0,0,0,0,0,81,0,0,159,0,0,0,0,0
50,15-12-19,0,0,0,0,0,0,0,166,113,0,0,80,0,0,0,0,0,0,81,0,0,159,0,0,0,0,0
51,22-12-19,0,0,0,0,0,0,0,184,113,0,0,0,0,0,0,0,0,0,0,0,0,159,0,0,0,0,0
52,29-12-19,0,0,0,0,0,0,0,184,112,0,0,0,0,0,0,0,0,0,0,0,0,158,0,0,0,0,0
1,05-01-20,0,0,0,0,0,0,0,184,110,0,0,0,0,0,0,0,0,0,81,0,0,163,0,0,0,0,0
2,12-01-20,0,0,0,0,0,0,0,120,110,0,0,0,0,0,0,0,0,0,81,0,0,163,0,0,0,0,0
3,19-01-20,0,0,0,0,0,0,0,113,113,0,0,0,0,0,0,0,0,0,83,0,0,173,0,0,0,0,0
4,26-01-20,0,0,0,0,0,0,0,115,117,0,0,0,0,0,0,0,0,0,88,0,0,184,0,0,0,0,0
5,02-02-20,,,,,,,,115,117,,,,,,,,,,86,,,181,,,,,
6,09-02-20,,,,,,,,110,117,,,60,,,,,,,84,,,181,,,,,
7,16-02-20,,,,,,,,95,116,,,60,,,,,,,84,,,184,,,,,
8,23-02-20,,,,,,,,92,118,,,60,,,,,,,,,,184,,,,,
9,01-03-20,,,,,,,,95,117,,,60,,,,,,,78,,,184,,,,,
10,08-03-20,,,,,,,,108,117,,,60,,,,,,,75,,,184,,,,,
11,15-03-20,,,,,,,,105,116,,,60,,,,,,,74,,,184,,,,,
12,22-03-20,,,,,,,,103,121,,,60,,,,,,,80,,,184,,,,,
13,29-03-20,,,,,,,,103,123,,,60,,,,,,,70,,,184,,,,,
14,05-04-20,,,,,,,,94,117,,,60,,,,,,,73,,,178,,,,,
15,12-04-20,,,,,,,,108,117,,,60,,,,,,,67,,,178,,,,,
16,19-04-20,,,,,,,,109,117,,,60,,,,,,,67,,,182,,,,,
17,26-04-20,,,,,,,,108,117,,,60,,,,,,,64,,,182,,,,,
18,03-05-20,,,,,,,,113,116,,,60,,,,,,,64,,,182,,,,,
19,10-05-20,,,,,,,,113,113,,,60,,,,,,,68,,,182,,,,,
20,17-05-20,,,,,,,,110,113,,,60,,,,,,,69,,,182,,,,,
21,24-05-20,,,,,,,,118,113,,,60,,,,,,,69,,,182,,,,,
22,31-05-20,,,,,,,,118,113,,,60,,,,,,,68,,,182,,,,,
23,07-06-20,,,,,,,,110,113,,,60,,,,,,,66,,,182,,,,,
24,14-06-20,,,,,,,,110,113,,,,,,,,,,60,,,154,,,,,
25,21-06-20,,,,,,,,108,113,,,,,,,,,,60,,,124,,,,,
26,28-06-20,,,,,,,,100,113,,,,,,,,,,55,,,101,,,,,
27,05-07-20,,,,,,,,100,108,,,,50,,,,,,58,,,90,,,,,
28,12-07-20,,,,,,,,105,107,,,,,,,,,,51,,,90,,,,,
29,19-07-20,,,,,,,,120,107,,,,,,,,,,59,,,90,,,,,
30,26-07-20,,,,,,,,133,107,,,,,,,,,,59,,,90,,,,,
31,02-08-20,,,,,,,,134,110,,,,,,,,,,59,,,90,,,,,
32,09-08-20,,,,,,,,135,105,,,,,,,,,,59,,,90,,,,,
33,16-08-20,,,,,,,,135,97,,,,,,,,,,59,,,90,,,,,
34,23-08-20,,,,,,,,131,95,,,,,,,,,,57,,,90,,,,,
35,30-08-20,,,,,,,,127,106,,,,,,,,,,60,,,90,,,,,
36,06-09-20,,,,,,,,123,112,,,,,,,,,,61,,,90,,,,,
37,13-09-20,,,,,,,,143,112,,,70,,,,,,,60,,,90,,,,,
38,20-09-20,,,,,,,,145,112,,,70,,,,,,,58,,,90,,,,,
39,27-09-20,,,,,,,,155,110,,,70,,,,,,,58,,,90,,,,,
40,04-10-20,,,,,,,,163,110,,,70,,,,,,,55,,,115,,,,,
41,11-10-20,,,,,,,,178,110,,,70,,,,,,,52,,,115,,,,,
42,18-10-20,,,,,,,,178,112,,,,,,,,,,56,,,155,,,,,
43,25-10-20,,,,,,,,210,118,,,,,,,,,,50,,,155,,,,,
44,01-11-20,,,,,,,,210,112,,,,,,,,,,47,,,155,,,,,
45,08-11-20,,,,,,,,185,112,,,,,,,,,,56,,,155,,,,,
46,15-11-20,,,,,,,,160,110,,,65,,,,,,,58,,,175,,,,,
47,22-11-20,,,,,,,,143,112,,,67,,,,,,,61,,,178,,,,,
48,29-11-20,,,,,,,,145,111,,,65,,,,,,,67,,,178,,,,,
49,06-12-20,,,,,,,,145,110,,,65,,,,,,,67,,,180,,,,,
50,13-12-20,,,,,,,,120,108,,,65,,,,,,,67,,,180,,,,,
51,20-12-20,,,,,,,,118,110,,,,,,,,,,67,,,180,,,,,
52,27-12-20,,,,,,,,80,110,,,,,,,,,,64,,,180,,,,,
53,03-01-21,,,,,,,,80,110,,,,,,,,,,64,,,180,,,,,
1,10-01-21,,,,,100,,,80,110,,,,,,,,,,66,,,180,,,,,
2,17-01-21,,,,,,,,120,112,,,,,,,,,,69,,,180,,,,,
3,24-01-21,,,,,,,,110,112,,,,,,,,,,68,,,185,,,,,
4,31-01-21,,,,,,,,108,112,,,,,,,,,,74,,,185,,,,,
5,07-02-21,,,,,,,,110,114,,,,,,,,,,80,,,185,,,,,
6,14-02-21,,,,,,,,105,115,,,,,,,,,,83,,,185,,,,,
7,21-02-21,,,,,,,,110,115,,,,,,,,,,83,,,183,,,,,
8,28-02-21,,,,,,,,113,115,,,,,,,,,,82,,,183,,,,,
9,07-03-21,,,,,,,,103,115,,,,,,,,,,81,,,183,,,120,,
10,14-03-21,,,,,,,,115,115,,,,,,,,,,74,,,183,,,124,,
11,21-03-21,,,,,,,,115,116,,,,,,,,,,74,,,183,,,,,
12,28-03-21,,,,,,,,118,117,,,,,,,,,,74,,,183,,,86,,
13,04-04-21,,,,,,,,120,117,,,,,,,,,,74,,,183,,,,,
14,11-04-21,,,,,,,,120,117,,,,,,,,,,74,,,183,,,,,
15,18-04-21,,,,,,,,125,118,,,,,,,,,,72,,,183,,,,,
16,25-04-21,,,,,,,,128,118,,,,,,,,,,72,,,183,,,,,
17,02-05-21,,,,,,,,115,118,,,,,,,,,,72,,,183,,,,,
18,09-05-21,,,,,,,,115,118,,,,,,,,,,71,,,183,,,,,
19,16-05-21,,,,,,,,115,118,,,,,,,,,,71,,,184,,,,,
20,23-05-21,,,,,,,,120,118,,,,,,,,,,70,,,183,,,,,
21,30-05-21,,,,,,,,118,118,,,,,,,,,,66,,,180,,,,,
22,06-06-21,,,,,,,,118,117,,,,,,,,,,66,,,180,,,,,
23,13-06-21,,,,,,,,120,116,,,,,,,,,,66,,,130,,,,,
24,20-06-21,,,,,,,,128,115,,,,67,,,,,,65,,,122,,,,,
25,27-06-21,,,,,,,,128,117,,,,,,,,,,65,,,120,,,,,
26,04-07-21,,,,,,,,128,117,,,,,,,,,,61,,,120,,,,,
27,11-07-21,,,,,,,,135,116,,,,,,,,,,61,,,120,,,,,
28,18-07-21,,,,,,,,140,112,,,,,,,,,,56,,,120,,,,,
29,25-07-21,,,,,,,,140,112,,,,,,,,,,56,,,120,,,,,
30,01-08-21,,,,,,,,140,110,,,,34,,,,,,54,,,120,,,,,
31,08-08-21,,,,,,,,,110,,,,,,,,,,53,,,,,,,,
32,15-08-21,,,,,,,,168,109,,,,43,,,,,,56,,,120,,,,,
33,22-08-21,,,,,,,,150,108,,,,29,,,,,,57,,,125,,,,,
34,29-08-21,,,,,,,,130,108,,,,30,,,,,,66,,,120,,,,,
35,05-09-21,,,,,,,,120,108,,,,46,,,,,,65,,,120,,,,,
36,12-09-21,,,,,,,,120,108,,,,55,,,,,,68,,,120,,,,,
37,19-09-21,,,,,,,,118,110,,,,67,,,,,,72,,,120,,,,,
38,26-09-21,,,,,,,,110,110,,,,67,,,,,,72,,,120,,,,,
39,03-10-21,,,,,,,,110,110,,,,67,,,,,,65,,,120,,,,,
40,10-10-21,,,,,,,,120,110,,,,,,,,,,65,,,120,,,,,
41,17-10-21,,,,,,,,155,110,,,,,,,,,,65,,,120,,,,,
42,24-10-21,,,,,,,,160,112,,,,,,,,,,63,,,130,,,,,
43,31-10-21,,,,,,,,193,113,,,,,,,,,,63,,,158,,,,,
44,07-11-21,,,,,,,,200,113,,,,,,,,,,61,,,158,,,,,
45,14-11-21,,,,,,,,190,113,,,,,,,,,,62,,,158,,,,,
46,21-11-21,,,,,,,,153,112,,,,,,,,,,60,,,180,,,,,
47,28-11-21,,,,,,,,150,112,,,,,,,,,,60,,,180,,,,,
48,05-12-21,,,,,,,,145,112,,,,,,,,,,62,,,183,,,,,
49,12-12-21,,,,,,,,140,113,,,,,,,,,,68,,,183,,,,,
50,19-12-21,,,,,,,,140,113,,,,,,,,,,68,,,180,,,,,
51,26-12-21,,,,,,,,143,112,,,,,,,,,,64,,,180,,,,,
52,02-01-22,,,,,,,,140,112,,,,53,,,,,,65,,,180,,,,,
1,09-01-22,,,,,,,,130,111,,,,47,,,,,,68,,,192,,,,,
2,16-01-22,,,,,,,,175,112,,,,57,,,,,,79,,,192,,,,,
3,23-01-22,,,,,,,,200,115,,,,,,,,,,72,,,195,,,,,
4,30-01-22,,,,,,,,208,117,,,,,,,,,,79,,,195,,,,,
5,06-02-22,,,,,,,,160,120,,,,,,,,,,88,,,198,,,,,
6,13-02-22,,,,,,,,160,121,,,,,,,,,,88,,,198,,,,,
7,20-02-22,,,,,,,,183,122,,,,,,,,,,96,,,198,,,,,
8,27-02-22,,,,,,,,180,121,,,,,,,,,,96,,,198,,,,,
9,06-03-22,,,,,,,,190,122,,,,,,,,,,96,,,198,,,,,
10,13-03-22,,,,,,,,195,120,,,,,,,,,,96,,,198,,,,,
11,20-03-22,,,,,,,,180,121,,,,,,,,,,96,,,198,,,,,
12,27-03-22,,,,,,,,190,123,,,,,,,,,,87,,,198,,,,,
13,03-04-22,,,,,,,,180,125,,,,,,,,,,89,,,198,,,,,
14,10-04-22,,,,,,,,180,123,,,,,,,,,,82,,,198,,,,,
15,17-04-22,,,,,,,,183,123,,,,,,,,,,88,,,198,,,,,
16,24-04-22,,,,,,,,195,125,,,,,,,,,,88,,,198,,,,,
17,01-05-22,,,,,,,,205,125,,,,,,,,,,85,,,198,,,,,
18,08-05-22,,,,,,,,218,125,,,,,,,,,,85,,,198,,,,,
19,15-05-22,,,,,,,,228,124,,,,,,,,,,83,,,198,,,,,
20,22-05-22,,,,,,,,245,126,,,,,,,,,,82,,,198,,,,,
21,29-05-22,,,,,,,,238,123,,,,,,,,,,82,,,198,,,,,
22,05-06-22,,,,,,,,275,119,,,,,,,,,,75,,,198,,,,,
23,12-06-22,,,,,,,,300,117,,,,,,,,,,71,,,175,,,,,
24,19-06-22,,,,,,,,283,117,,,,,,,,,,75,,,175,,,,,
25,26-06-22,,,,,,,,278,115,,,,,,,,,,71,,,175,,,,,
26,03-07-22,,,,,,,,283,117,,,,,,,,,,70,,,175,,,,,
27,10-07-22,,,,,,,,270,116,,,,46,,,,,,69,,,175,,,,,
28,17-07-22,,,,,,,,288,116,,,,64,,,,,,69,,,175,,,,,
29,24-07-22,,,,,,,,285,115,,,,,,,,,,69,,,175,,,,,
30,31-07-22,,,,,,,,285,115,,,,,,,,,,69,,,175,,,,,
31,07-08-22,,,,,,,,280,115,,,,,,,,,,88,,,175,,,,,
32,14-08-22,,,,,,,,283,113,,,,79,,,,,,88,,,175,,,,,
33,21-08-22,,,,,,,,265,113,,,,83.5,,,,,,96,,,175,,,,,
34,28-08-22,,,,,,,,265,114,,,,83.5,,,,,,98,,,175,,,,,
35,04-09-22,,,,,,,,190,117,,,,,,,,,,99,,,175,,,,,
36,11-09-22,,,,,,,,195,120,,,,,,,,,,104,,,175,,,,,
37,18-09-22,,,,,,,,198,121,,,,,,,,,,111,,,175,,,,,
38,25-09-22,,,,,,,,178,123,,,,,,,,,,100,,,175,,,,,
39,02-10-22,,,,,,,,185,123,,,,,,,,,,100,,,175,,,,,
40,09-10-22,,,,,,,,181,123,,,,,,,,,,100,,,175,,,,,
41,16-10-22,,,,,,,,178,125,,,,,,,,,,100,,,175,,,,,
42,23-10-22,,,,,,,,185,125,,,,,,,,,,100,,,175,,,,,
43,30-10-22,,,,,,,,175,125,,,,,,,,,,89,,,175,,,,,
44,06-11-22,,,,,,,,178,125,,,,81,,,,,,82,,,175,,,,,
45,13-11-22,,,,,,,,173,127,,,,81,,,,,,85,,,175,,,,,
46,20-11-22,,,,,,,,180,127,,,,,,,,,,85,,,180,,,,,
47,27-11-22,,,,,,,,163,123,,,,,,,,,,99,,,183,,,,,
48,04-12-22,,,,,,,,140,126,,,,,,,,,,108,,,183,,,,,
49,11-12-22,,,,,,,,135,126,,,,,,,,,,110,,,183,,,,,
50,18-12-22,,,,,,,,118,123,,,,,,,,,,104,,,183,,,,,
51,25-12-22,,,,,,,,103,123,,,,106,,,,,,104,,,183,,,,,
52,01-01-23,,,,,,,,93,120,,,,101,,,,,,94,,,183,,,,,
1,08-01-23,,,,,,,,95,124,,,,,,,,,,99,,,180,,,,,
2,15-01-23,,,,,,,,100,129,,,,,,,,,,107,,,184,,,,,
3,22-01-23,,,,,,,,105,135,,,,,,,,,,110,,,185,,,,,
4,29-01-23,,,,,,,,120,138,,,,,,,,,,111,,,190,,,,,
5,05-02-23,,,,,,,,128,139,,,,,,,,,,112,,,190,,,,,
6,12-02-23,,,,,,,,128,138,,,,,,,,,,115,,,190,,,,,
7,19-02-23,,,,,,,,128,138,,,,,,,,,,,,,195,,,,,
8,26-02-23,,,,,,,,125,138,,,,,,,,,,114,,,198,,,,,
9,05-03-23,,,,,,,,120,138,,,,,,,,,,,,,198,,,,,
10,12-03-23,,,,,,,,125,139,,,,,,,,,,,,,200,,,,,
11,19-03-23,,,,,,,,125,139,,,,,,,,,,,,,200,,,,,
12,26-03-23,,,,,,,,120,136,,,,,,,,,,,,,200,,,,,
13,02-04-23,,,,,,,,120,135,,,,,,,,,,,,,200,,,,,
14,09-04-23,,,,,,,,113,135,,,,,,,,,,,,,200,,,,,
15,16-04-23,,,,,,,,115,135,,,,,,,,,,,,,200,,,,,
16,23-04-23,,,,,,,,115,135,,,,,,,,,,,,,200,,,,,
17,30-04-23,,,,,,,,105,135,,,,,,,,,,,,,200,,,,,
18,07-05-23,,,,,,,,105,135,,,,,,,,,,,,,200,,,,,
19,14-05-23,,,,,,,,105,137,,,,,,,,,,,,,200,,,,,
20,21-05-23,,,,,,,,100,138,,,,,,,,,,,,,200,,,,,
21,28-05-23,,,,,,,,105,138,,,,,,,,,,,,,200,,,,,
